N,P,K,temperature,humidity,ph,rainfall,label
83.97,46.81,41.3,26.17,82.27,6.13,287.38,rice
86.14,45.15,41.09,22.69,82.03,6.37,182.6,rice
66.2,44.69,37.97,24.05,81.59,5.54,283.97,rice
78.19,47.84,37.15,22.55,82.61,5.67,251.27,rice
75.19,46.04,38.8,26.74,82.49,5.72,264.68,rice
70.23,48.54,36.08,21.18,82.7,6.62,245.14,rice
79.07,45.99,37.04,22.24,82.04,6.78,250.31,rice
65.9,49.12,39.23,22.32,83.11,6.77,267.94,rice
73.29,45.95,40.66,25.21,82.02,6.16,206.81,rice
70.43,51.56,42.71,23.37,83.5,6.43,220.65,rice
82.89,55.19,39.93,26.24,79.88,6.66,242.61,rice
77.61,47.96,36.02,23.12,82.86,6.99,224.45,rice
73.53,44.99,41.83,24.08,81.97,6.51,242.91,rice
87.75,43.99,39.34,22.81,81.04,6.4,247.83,rice
80.04,46.33,37.17,22.76,82.16,5.85,235.16,rice
83.23,56.93,40.35,23.95,82.43,5.29,239.2,rice
80.48,59.82,39.62,24.03,82.47,5.67,274.28,rice
86.02,51.46,38.18,25.95,81.1,6.54,305.71,rice
72.08,44.67,40.2,22.62,80.95,6.28,208.13,rice
83.79,42.9,43.1,22.13,82.18,6.66,203.07,rice
81.82,54.04,36.79,23.82,82.76,6.64,202.89,rice
69.44,50.11,40.59,23.94,82.85,5.91,246.97,rice
82.34,43.93,43.73,24.33,81.31,6.58,210.76,rice
86.3,53.29,38.36,25.19,82.91,6.66,296.9,rice
78.04,43.73,38.22,22.07,82.42,6.42,248.3,rice
86.62,47.57,42.91,23.04,85.22,6.56,214.29,rice
71.43,49.91,39.55,24.75,82.97,6.21,214.6,rice
67.88,45.27,41.71,23.87,81.25,6.34,251.56,rice
72.93,48.27,40.12,21.5,82.86,6.53,272.49,rice
88.43,40.61,38.12,24.4,83.01,6.51,350.0,rice
84.57,53.18,41.91,24.64,82.18,6.63,216.82,rice
78.11,45.07,40.16,27.55,80.63,6.59,191.62,rice
76.22,52.94,40.13,21.61,81.78,6.59,218.09,rice
81.73,47.73,38.7,27.25,83.13,5.24,245.59,rice
74.71,51.76,38.41,23.3,83.0,6.68,203.99,rice
77.32,45.13,38.69,26.59,82.9,5.62,267.54,rice
96.98,52.66,36.96,22.65,83.77,5.9,253.31,rice
86.2,42.87,39.88,17.83,81.48,6.12,202.57,rice
93.06,40.35,39.12,23.73,83.94,5.53,274.89,rice
80.08,42.59,40.92,23.85,81.9,6.28,228.44,rice
80.91,50.81,43.17,21.33,84.63,5.27,235.45,rice
84.71,48.9,38.75,23.14,82.01,5.96,265.49,rice
82.86,44.04,41.8,24.04,83.31,6.56,215.13,rice
75.52,51.24,41.22,23.46,82.62,6.89,222.25,rice
84.38,46.49,39.56,25.42,83.33,6.66,279.16,rice
80.17,50.91,39.38,24.07,82.37,6.3,257.85,rice
73.45,57.96,37.99,21.38,83.66,6.65,258.72,rice
85.03,47.44,38.21,23.63,81.82,6.74,235.59,rice
73.4,45.89,40.83,22.51,81.68,6.37,247.35,rice
75.94,45.14,40.46,20.97,81.09,5.89,233.6,rice
82.49,54.88,41.72,23.22,82.48,5.75,239.44,rice
77.69,49.11,38.35,24.41,84.03,6.2,252.05,rice
85.52,45.49,40.45,23.52,82.6,5.86,240.74,rice
83.98,54.76,41.92,27.27,81.73,6.69,245.5,rice
97.52,43.46,38.32,22.45,80.38,5.99,217.23,rice
81.2,49.21,43.75,25.16,81.92,5.8,254.76,rice
69.44,56.66,42.36,22.68,80.79,6.93,236.56,rice
89.9,39.53,38.8,23.51,82.55,6.02,258.69,rice
71.46,46.79,40.24,24.4,83.21,5.69,193.98,rice
90.22,49.16,38.5,26.21,82.62,6.84,242.03,rice
96.49,56.28,39.5,25.2,83.15,6.93,211.05,rice
85.49,52.79,36.48,21.43,80.46,6.12,261.53,rice
92.02,47.87,43.26,21.08,80.8,6.22,251.52,rice
79.74,37.16,39.82,21.22,83.17,6.43,211.8,rice
75.89,42.2,39.87,25.17,81.51,6.5,224.09,rice
73.66,46.96,37.93,22.53,81.3,7.23,241.06,rice
74.4,48.57,39.78,23.11,83.11,6.63,224.08,rice
75.39,46.12,35.4,20.85,83.87,7.07,232.53,rice
84.61,49.06,46.16,25.46,82.37,5.77,191.81,rice
81.63,43.72,37.16,22.37,81.42,7.09,266.45,rice
79.94,54.9,40.15,21.99,84.02,6.52,208.88,rice
78.48,43.12,37.23,25.12,84.41,5.55,256.89,rice
74.79,45.06,38.82,21.99,82.55,5.83,248.11,rice
79.6,46.31,38.18,22.49,83.26,6.5,210.67,rice
80.79,51.26,36.66,24.45,81.84,6.54,217.1,rice
65.56,39.36,40.1,23.95,81.6,6.57,190.15,rice
79.47,41.44,38.7,23.58,81.64,6.06,270.19,rice
75.38,51.68,37.74,24.43,83.94,5.01,216.09,rice
84.62,46.48,40.74,22.44,82.59,6.17,275.03,rice
82.04,49.19,39.18,22.65,82.07,6.45,227.37,rice
82.32,57.88,41.74,22.93,83.7,6.05,178.86,rice
71.94,38.15,39.3,23.53,84.18,6.41,233.43,rice
86.64,36.44,40.47,24.85,81.02,6.82,250.15,rice
76.68,50.66,44.54,23.82,82.75,6.02,214.5,rice
86.64,43.22,40.14,22.66,82.98,6.42,271.13,rice
75.92,46.15,38.04,22.72,82.88,6.63,212.34,rice
86.96,54.28,40.83,26.78,81.73,5.63,186.64,rice
91.97,50.77,39.89,23.99,81.37,7.47,243.88,rice
80.88,51.13,40.96,23.89,81.71,6.49,296.46,rice
90.76,55.47,38.98,21.77,82.37,6.28,272.83,rice
66.46,55.15,39.68,22.75,81.49,5.42,264.7,rice
80.59,41.05,37.41,22.91,84.17,6.12,194.91,rice
78.03,46.14,34.61,23.4,82.27,6.6,295.47,rice
89.01,46.16,37.79,28.0,82.56,6.26,239.28,rice
81.58,46.78,38.85,22.54,82.47,5.98,218.61,rice
80.85,46.23,43.01,18.86,83.59,6.87,177.8,rice
77.26,45.64,37.18,22.14,81.39,7.13,268.07,rice
90.17,51.11,37.74,22.58,82.99,5.64,261.39,rice
78.08,45.63,41.42,24.28,82.14,6.83,207.57,rice
84.93,50.47,39.38,24.07,81.25,6.71,234.45,rice
75.82,52.75,18.59,19.33,58.77,6.74,68.99,maize
94.04,37.09,23.39,22.97,64.61,6.28,89.99,maize
79.7,53.02,20.23,22.84,63.55,6.48,88.85,maize
66.32,40.76,21.49,22.88,64.26,6.51,89.34,maize
75.68,43.61,20.39,20.3,66.63,5.82,97.86,maize
83.78,48.78,21.97,26.25,69.06,5.76,69.01,maize
75.0,47.63,21.04,20.87,65.75,6.2,77.36,maize
68.75,42.88,17.3,20.3,69.21,6.12,117.9,maize
83.95,48.42,18.28,24.08,62.7,6.55,117.0,maize
79.23,53.25,18.59,22.42,72.08,6.25,107.66,maize
85.66,44.69,21.26,24.69,67.49,5.87,75.91,maize
78.02,47.13,21.24,22.9,59.66,6.65,92.63,maize
84.48,52.9,21.67,23.53,64.72,5.84,90.37,maize
81.66,48.86,17.45,20.07,69.21,6.48,93.52,maize
80.23,47.65,21.88,21.34,65.38,6.32,79.57,maize
77.53,48.61,19.04,25.33,61.42,6.43,79.5,maize
91.58,48.48,22.06,19.16,66.07,6.86,86.03,maize
88.52,44.91,22.82,27.67,63.55,6.32,103.17,maize
92.64,44.89,19.16,21.87,59.62,6.13,72.45,maize
73.86,47.33,20.47,25.99,61.01,6.89,82.33,maize
79.6,50.87,17.75,23.36,65.67,6.7,88.61,maize
99.64,44.31,18.94,21.1,62.78,6.25,99.86,maize
91.36,44.65,18.34,23.56,62.79,6.75,87.54,maize
67.87,55.24,23.59,21.12,63.45,6.61,89.18,maize
85.27,57.55,19.65,20.7,59.48,6.21,84.59,maize
94.36,44.91,20.45,22.46,69.75,7.51,78.36,maize
76.08,52.72,21.36,26.66,67.34,6.36,92.38,maize
88.87,51.6,21.01,24.9,69.68,7.05,93.11,maize
78.66,48.23,22.41,20.66,66.47,6.34,85.36,maize
90.23,48.46,20.09,19.44,67.99,6.76,112.04,maize
77.54,48.6,20.5,26.05,64.62,6.61,92.6,maize
81.49,45.27,20.39,24.92,60.89,6.55,76.25,maize
89.56,39.88,18.88,23.35,71.26,6.47,78.06,maize
95.05,40.26,15.6,23.49,62.99,6.09,93.85,maize
81.95,44.68,17.44,24.46,67.6,6.46,108.08,maize
71.44,39.87,18.62,22.4,65.97,6.4,89.4,maize
69.99,54.72,19.84,25.01,66.37,6.68,92.12,maize
83.58,50.71,22.66,22.94,67.84,6.46,103.0,maize
74.59,56.5,19.92,19.28,65.51,6.23,95.51,maize
74.78,45.27,16.22,21.48,55.3,5.87,94.51,maize
86.29,49.63,18.07,22.39,64.99,6.04,103.79,maize
87.02,46.4,20.05,22.97,56.83,6.4,76.48,maize
71.99,46.09,23.6,23.94,62.72,6.73,102.49,maize
87.4,47.8,18.71,24.07,66.57,6.86,92.94,maize
88.4,44.82,22.63,22.94,73.3,6.22,106.7,maize
81.58,44.24,19.03,21.78,66.7,6.71,77.83,maize
79.81,58.21,23.46,23.48,65.15,6.55,92.67,maize
71.82,46.21,16.66,23.4,67.59,6.31,104.67,maize
70.19,40.18,20.45,24.86,71.74,6.32,98.48,maize
79.69,46.64,21.77,23.97,58.69,7.09,102.25,maize
75.0,49.48,20.99,23.09,62.8,6.23,84.68,maize
89.38,50.22,19.26,24.24,53.61,6.96,63.25,maize
77.1,41.9,17.41,25.11,63.13,6.64,84.41,maize
83.82,47.88,17.43,24.74,63.02,5.88,79.65,maize
92.01,51.75,19.3,21.71,63.71,7.33,89.77,maize
83.44,52.65,20.48,21.92,64.21,6.47,84.53,maize
85.82,47.76,21.47,22.32,65.31,5.7,96.45,maize
82.77,52.49,14.21,27.2,64.44,6.94,72.0,maize
84.9,42.23,18.75,26.81,64.24,6.59,95.88,maize
83.97,48.25,20.73,27.91,64.77,6.58,98.13,maize
88.84,53.44,21.28,19.93,71.53,6.04,88.78,maize
73.97,47.18,20.66,23.22,66.69,7.15,90.67,maize
78.05,52.32,22.38,19.74,67.39,6.78,81.28,maize
91.01,46.75,20.25,22.11,65.06,6.06,67.0,maize
92.76,43.27,18.02,17.65,62.44,5.97,105.53,maize
88.08,44.06,24.5,24.71,63.7,5.5,113.64,maize
68.88,39.27,22.05,27.99,70.54,6.73,92.43,maize
86.83,51.29,20.56,22.73,64.75,6.2,81.49,maize
66.46,47.01,18.02,20.02,65.72,7.06,96.48,maize
67.44,42.55,21.88,20.29,64.1,6.72,72.9,maize
80.84,40.83,18.8,23.22,58.63,6.68,84.75,maize
84.42,48.62,22.73,22.78,63.28,6.55,91.79,maize
80.39,47.7,18.6,21.01,59.39,7.2,69.45,maize
74.46,43.91,21.79,21.84,69.99,6.23,88.49,maize
73.32,58.23,17.62,23.2,67.54,6.67,82.68,maize
78.96,47.72,19.71,24.67,73.84,6.28,67.88,maize
79.29,60.4,18.39,26.19,71.71,6.28,92.11,maize
93.03,45.6,19.59,21.19,60.94,6.24,69.7,maize
80.27,43.65,20.47,19.0,66.32,6.83,60.08,maize
82.99,53.64,17.58,26.26,66.68,6.22,84.3,maize
84.47,47.88,21.08,20.43,65.68,5.93,83.61,maize
72.77,43.82,22.47,24.96,67.44,6.06,81.04,maize
89.7,48.21,24.64,23.38,65.77,6.38,86.67,maize
78.78,51.04,21.91,20.73,59.68,5.77,91.35,maize
71.17,36.74,20.78,28.11,64.98,6.84,86.02,maize
79.21,52.1,19.42,23.1,66.29,6.23,97.4,maize
78.6,43.72,21.07,20.48,65.11,6.5,98.57,maize
83.8,47.37,21.64,25.63,67.23,6.5,68.6,maize
71.48,45.97,18.78,22.08,65.23,6.71,84.12,maize
83.89,47.82,16.05,20.39,64.42,6.02,92.5,maize
92.25,53.59,19.57,25.85,65.59,6.37,77.33,maize
77.58,45.56,20.34,22.86,65.01,6.67,99.88,maize
87.6,40.08,14.89,24.6,59.53,6.41,70.37,maize
65.58,50.21,21.52,21.2,54.64,6.28,89.9,maize
68.17,48.42,19.97,23.8,65.48,6.11,99.96,maize
78.73,47.36,18.13,21.5,61.46,6.43,106.4,maize
69.02,39.43,22.94,22.03,62.32,6.92,77.43,maize
94.61,50.89,19.02,27.35,62.58,6.8,88.74,maize
90.41,55.31,20.06,20.8,66.84,6.23,110.17,maize
81.09,45.67,20.37,19.47,61.11,6.98,76.79,maize
31.62,70.18,82.37,19.76,18.2,6.87,69.34,chickpea
52.01,65.89,79.5,20.82,17.67,7.48,96.24,chickpea
34.85,72.14,80.11,18.97,18.83,7.5,84.04,chickpea
48.58,65.68,78.32,16.67,14.64,8.28,71.73,chickpea
38.23,66.12,80.61,19.93,18.03,6.96,78.75,chickpea
42.26,66.26,83.21,19.36,17.88,7.58,88.8,chickpea
41.45,61.02,80.8,17.36,16.37,7.54,89.29,chickpea
40.17,69.04,83.4,18.92,20.12,7.53,66.79,chickpea
46.03,69.41,82.58,19.68,16.83,6.64,78.43,chickpea
33.2,64.6,81.18,21.42,17.47,6.65,83.33,chickpea
49.57,64.45,79.73,18.53,16.06,7.57,79.09,chickpea
43.36,63.06,79.13,19.76,16.55,8.11,77.0,chickpea
41.8,72.16,77.16,15.42,15.17,7.88,75.86,chickpea
60.47,64.68,80.37,21.2,19.41,8.28,89.06,chickpea
48.19,70.46,81.56,17.54,16.02,7.25,78.72,chickpea
36.37,70.98,81.91,18.65,18.77,6.68,78.55,chickpea
34.27,58.17,79.83,18.29,18.82,7.57,72.32,chickpea
54.83,73.61,81.16,18.1,15.85,7.06,88.17,chickpea
55.08,75.22,79.02,16.54,17.17,6.37,82.42,chickpea
38.82,65.17,76.81,19.4,16.36,6.67,58.46,chickpea
39.78,76.36,83.32,17.7,16.28,7.48,72.51,chickpea
42.41,71.33,82.45,18.32,16.76,6.81,73.8,chickpea
38.19,69.34,81.83,17.09,18.79,7.11,79.84,chickpea
34.02,55.38,81.77,19.79,16.66,7.28,83.87,chickpea
27.5,64.85,81.59,16.3,17.35,6.57,83.5,chickpea
39.71,59.42,82.33,17.21,16.03,7.35,88.61,chickpea
31.87,67.81,80.86,19.71,17.21,7.07,73.79,chickpea
40.69,62.14,74.16,19.26,18.08,6.07,72.43,chickpea
44.95,77.79,80.04,17.23,16.78,7.94,75.16,chickpea
33.61,65.09,78.09,18.71,18.95,7.41,78.11,chickpea
37.67,59.68,81.77,18.36,16.78,8.85,82.24,chickpea
33.99,65.37,82.3,18.7,15.27,7.71,74.99,chickpea
54.99,72.9,79.11,20.74,17.08,7.68,83.64,chickpea
33.23,64.28,82.06,17.91,16.52,6.77,83.18,chickpea
56.5,62.16,80.05,20.97,16.9,7.48,72.03,chickpea
43.43,66.56,81.97,20.58,20.11,7.54,82.44,chickpea
41.56,65.73,80.68,17.98,17.2,7.91,72.45,chickpea
49.12,74.09,79.76,14.79,16.27,7.9,79.83,chickpea
32.01,64.98,81.68,19.46,16.71,7.07,77.06,chickpea
32.62,75.58,79.36,20.63,18.83,7.75,76.76,chickpea
43.23,67.38,78.19,19.07,15.59,7.84,76.52,chickpea
41.61,68.92,79.48,19.53,16.43,7.69,69.91,chickpea
41.01,77.19,78.0,17.31,17.62,7.34,82.63,chickpea
43.91,70.67,82.22,19.22,16.71,7.59,94.25,chickpea
38.94,62.63,82.21,18.29,14.39,7.67,75.99,chickpea
39.28,69.16,80.38,19.74,16.48,7.51,78.05,chickpea
45.91,70.58,78.13,20.4,16.36,7.65,82.75,chickpea
54.71,66.38,79.3,18.47,16.64,7.65,67.88,chickpea
31.57,62.16,81.9,21.49,16.87,7.17,80.53,chickpea
49.3,62.86,80.48,20.21,17.6,7.34,87.51,chickpea
18.37,70.89,78.69,15.3,17.61,7.94,78.97,chickpea
47.62,75.56,82.63,21.37,17.89,7.29,67.99,chickpea
38.03,63.28,84.34,18.19,17.15,7.53,80.33,chickpea
53.56,64.39,80.39,17.2,15.42,6.94,79.72,chickpea
36.57,64.04,77.19,18.35,15.19,7.63,80.62,chickpea
28.34,65.95,78.5,19.06,18.61,6.31,80.86,chickpea
38.72,70.86,80.43,17.18,16.62,6.85,88.07,chickpea
40.17,77.01,79.88,17.26,15.18,6.35,68.12,chickpea
42.14,70.04,76.84,20.07,16.42,7.32,92.09,chickpea
47.17,66.16,78.22,14.73,16.14,7.14,72.6,chickpea
38.95,67.88,79.55,17.36,17.2,7.47,71.82,chickpea
51.29,67.01,80.04,19.74,17.28,7.73,82.15,chickpea
35.1,69.31,77.71,18.69,16.96,7.15,79.04,chickpea
24.95,64.76,80.19,18.78,15.77,7.88,73.5,chickpea
47.76,69.64,78.71,21.61,15.57,7.71,87.5,chickpea
34.64,74.46,79.5,19.01,17.31,7.18,86.08,chickpea
46.35,58.76,82.61,15.59,18.24,7.81,71.82,chickpea
36.71,61.97,79.57,17.96,17.94,7.91,90.47,chickpea
35.5,66.45,76.63,17.09,18.16,8.06,70.74,chickpea
35.26,67.37,80.56,17.08,17.51,7.01,79.89,chickpea
44.37,67.53,79.13,18.31,16.89,7.06,78.06,chickpea
52.79,70.3,79.41,19.72,16.6,7.84,82.77,chickpea
39.14,69.74,76.86,16.53,15.57,7.32,92.99,chickpea
57.85,70.69,81.0,15.35,16.35,6.86,75.34,chickpea
38.65,65.14,76.04,19.81,15.71,7.37,95.56,chickpea
32.64,54.85,79.43,20.43,19.35,6.64,83.73,chickpea
36.28,66.97,85.29,15.87,17.3,7.48,88.14,chickpea
40.78,69.04,79.22,18.97,16.59,7.56,77.23,chickpea
43.02,67.35,82.25,18.41,14.87,7.88,73.21,chickpea
34.77,64.52,82.75,14.76,20.77,7.78,81.67,chickpea
39.56,68.93,81.04,19.63,17.67,7.29,78.52,chickpea
38.79,66.53,82.27,19.54,13.47,7.58,81.46,chickpea
39.85,65.56,82.25,20.16,16.07,7.45,72.71,chickpea
28.96,64.37,81.72,20.17,17.62,7.61,83.87,chickpea
34.87,69.66,81.6,19.82,18.43,7.6,82.64,chickpea
48.56,67.37,78.24,18.21,16.11,6.91,78.92,chickpea
33.66,65.96,76.21,18.87,17.0,6.84,84.94,chickpea
47.5,59.46,78.47,17.15,15.87,7.66,78.55,chickpea
37.88,57.48,81.27,16.33,17.07,7.39,90.2,chickpea
29.53,52.4,80.37,21.65,18.49,7.35,76.31,chickpea
46.46,62.63,80.95,19.38,18.27,8.63,82.94,chickpea
35.93,67.37,76.46,17.28,16.51,6.99,81.14,chickpea
33.42,73.11,80.0,18.48,16.61,7.33,86.19,chickpea
33.06,64.21,79.39,16.14,16.02,7.01,86.56,chickpea
42.1,68.47,81.7,18.26,17.47,7.2,81.99,chickpea
35.34,55.31,79.73,20.99,18.11,7.73,89.27,chickpea
40.71,68.49,78.76,17.95,17.74,7.85,78.95,chickpea
36.4,67.5,81.2,15.97,14.24,6.97,70.84,chickpea
35.93,66.76,79.09,21.04,17.39,7.4,84.67,chickpea
30.89,72.7,79.85,19.67,15.71,6.47,86.13,chickpea
27.26,62.99,18.26,22.03,19.83,5.91,84.74,kidneybeans
28.83,65.86,21.21,18.28,21.27,5.75,82.45,kidneybeans
29.44,64.93,19.54,17.26,17.91,5.73,159.28,kidneybeans
29.71,67.4,19.47,19.55,22.27,5.63,130.07,kidneybeans
29.29,71.09,20.88,19.54,22.44,5.81,97.03,kidneybeans
21.56,68.01,23.1,16.71,19.45,5.77,106.14,kidneybeans
26.04,68.72,19.55,22.85,19.26,5.67,102.68,kidneybeans
15.14,66.62,23.32,19.55,21.82,5.62,91.13,kidneybeans
22.75,65.91,22.56,20.75,19.94,5.77,116.21,kidneybeans
31.84,75.4,17.97,17.68,19.74,5.73,115.49,kidneybeans
30.92,67.12,19.36,19.84,20.33,5.96,68.83,kidneybeans
26.11,77.62,20.01,19.07,21.0,5.73,135.89,kidneybeans
11.73,75.17,17.15,18.9,20.9,5.81,69.04,kidneybeans
27.77,77.62,17.27,19.93,20.57,5.79,105.43,kidneybeans
21.15,69.94,23.61,19.07,22.51,5.62,83.48,kidneybeans
27.83,74.92,20.71,18.8,21.5,5.62,118.6,kidneybeans
30.29,65.24,19.06,20.1,20.89,5.74,152.24,kidneybeans
23.52,65.71,18.7,21.17,21.25,5.69,134.73,kidneybeans
33.52,64.5,16.27,21.77,20.54,5.83,60.67,kidneybeans
30.36,61.44,21.46,19.53,20.16,5.71,120.44,kidneybeans
25.64,70.42,23.95,15.98,23.76,5.76,84.78,kidneybeans
17.02,66.55,21.84,19.21,23.62,5.6,104.73,kidneybeans
17.49,69.32,21.77,18.55,17.85,5.77,114.83,kidneybeans
27.43,73.68,17.86,21.03,23.17,5.57,112.19,kidneybeans
21.97,67.09,20.7,18.4,20.55,5.75,80.54,kidneybeans
18.49,70.9,17.7,21.0,22.15,5.58,89.75,kidneybeans
32.16,62.59,19.07,20.54,22.6,5.72,91.56,kidneybeans
33.53,76.19,21.96,19.69,20.37,5.67,116.76,kidneybeans
27.51,74.51,21.3,16.12,22.97,5.65,96.36,kidneybeans
26.5,77.48,26.22,20.87,21.24,5.8,124.97,kidneybeans
23.08,76.48,20.46,20.62,22.43,5.79,123.88,kidneybeans
21.3,64.71,17.8,20.49,22.59,5.8,142.68,kidneybeans
24.97,70.84,17.82,18.63,22.47,5.83,98.39,kidneybeans
24.57,59.91,19.29,21.5,22.31,5.8,106.12,kidneybeans
25.04,64.2,21.4,20.45,22.19,5.7,56.55,kidneybeans
31.58,65.11,18.27,21.06,20.95,5.86,118.88,kidneybeans
29.1,60.67,22.42,20.09,20.98,5.76,65.03,kidneybeans
27.45,62.35,17.29,16.07,23.06,5.69,139.51,kidneybeans
21.79,58.96,17.77,22.28,21.28,5.7,108.6,kidneybeans
28.01,73.09,22.9,18.69,19.64,5.71,110.86,kidneybeans
19.22,62.71,20.69,19.39,21.55,5.67,99.82,kidneybeans
19.45,71.95,22.07,15.35,20.2,5.6,90.37,kidneybeans
24.5,60.25,18.16,17.24,21.79,5.76,88.76,kidneybeans
26.06,64.77,19.46,23.27,23.38,5.62,123.67,kidneybeans
29.87,61.76,21.64,22.96,19.93,5.66,127.9,kidneybeans
26.63,70.26,20.68,20.38,19.64,5.85,131.32,kidneybeans
23.62,67.28,16.94,20.66,22.3,5.74,130.3,kidneybeans
23.0,70.32,17.96,19.45,21.26,5.77,96.69,kidneybeans
24.21,71.63,19.13,15.89,23.95,5.89,75.92,kidneybeans
29.14,64.99,20.53,20.16,21.17,5.67,89.46,kidneybeans
19.5,63.34,19.87,17.89,22.45,5.9,91.95,kidneybeans
26.44,70.0,20.94,19.67,22.54,5.8,77.15,kidneybeans
30.21,71.94,18.47,19.59,22.46,5.73,129.14,kidneybeans
39.18,63.57,17.24,20.18,22.51,5.73,137.7,kidneybeans
16.97,70.96,18.79,23.37,24.29,5.67,92.63,kidneybeans
30.16,65.56,19.91,19.56,18.81,5.75,89.48,kidneybeans
22.04,74.72,17.49,21.33,21.11,5.72,122.78,kidneybeans
27.04,70.35,21.94,18.75,20.64,5.64,86.43,kidneybeans
42.69,73.72,17.3,16.52,22.17,5.8,117.35,kidneybeans
23.47,66.87,20.66,19.69,18.39,5.73,85.84,kidneybeans
26.05,82.43,20.73,18.79,22.79,5.8,114.45,kidneybeans
28.64,77.78,17.74,20.57,20.2,5.81,84.33,kidneybeans
22.5,66.02,21.95,21.57,19.76,5.76,89.03,kidneybeans
17.45,66.41,19.38,24.96,22.11,5.61,92.29,kidneybeans
31.13,77.94,16.83,15.27,24.12,5.79,85.46,kidneybeans
28.21,54.32,20.01,20.24,22.79,5.65,106.93,kidneybeans
19.45,68.78,18.21,18.58,20.11,5.82,124.32,kidneybeans
23.59,67.69,17.1,18.83,21.43,6.01,79.98,kidneybeans
33.79,72.48,20.56,23.46,22.02,5.79,103.8,kidneybeans
32.34,72.98,18.75,16.53,21.22,5.67,103.57,kidneybeans
32.42,65.21,19.91,19.63,22.69,5.53,91.35,kidneybeans
26.27,73.5,19.02,15.28,22.37,5.69,78.23,kidneybeans
21.25,66.58,18.79,14.54,22.76,5.88,119.66,kidneybeans
18.17,66.49,19.99,20.85,22.44,5.68,106.84,kidneybeans
27.74,74.78,21.41,21.28,21.62,5.89,114.22,kidneybeans
19.83,74.52,21.4,18.5,20.83,5.78,115.42,kidneybeans
26.18,69.06,23.4,21.91,21.77,5.84,81.77,kidneybeans
27.39,76.55,19.56,17.59,20.59,5.64,87.34,kidneybeans
22.78,60.47,20.03,21.53,20.23,5.9,116.49,kidneybeans
31.18,64.21,21.71,17.04,22.75,5.77,117.45,kidneybeans
17.95,63.02,21.19,17.37,22.15,5.61,124.08,kidneybeans
17.6,70.26,21.25,17.93,22.31,5.78,92.88,kidneybeans
18.95,57.69,20.7,15.98,21.63,5.72,120.28,kidneybeans
23.19,65.85,21.46,20.25,21.94,5.8,70.45,kidneybeans
29.54,70.56,17.97,18.95,21.44,5.74,112.51,kidneybeans
33.59,72.91,17.38,20.9,23.36,5.79,129.55,kidneybeans
37.07,72.62,20.5,21.85,21.7,5.75,97.09,kidneybeans
34.38,63.41,23.06,20.62,19.54,5.79,57.75,kidneybeans
28.75,71.93,18.82,19.78,24.24,5.7,81.17,kidneybeans
33.89,77.31,20.01,21.78,23.38,5.68,94.08,kidneybeans
32.39,75.93,21.13,17.52,24.28,5.7,97.46,kidneybeans
27.05,75.27,21.71,20.43,22.15,5.75,117.56,kidneybeans
9.82,66.02,20.48,16.91,22.04,5.73,144.5,kidneybeans
34.44,65.17,19.7,19.33,20.87,5.77,87.94,kidneybeans
18.22,70.61,21.26,17.69,22.75,5.69,110.7,kidneybeans
29.92,67.33,20.91,18.34,21.22,5.73,88.2,kidneybeans
23.94,59.76,19.02,18.86,21.14,5.73,103.61,kidneybeans
27.88,71.87,18.7,16.79,20.04,5.7,97.08,kidneybeans
20.38,61.02,19.09,19.91,22.33,5.69,95.71,kidneybeans
19.44,67.34,18.3,20.79,19.0,5.71,111.77,kidneybeans
26.1,80.97,20.7,28.24,49.24,5.36,142.78,pigeonpeas
20.0,72.08,18.9,31.12,44.92,7.12,136.17,pigeonpeas
36.0,71.57,20.96,32.7,53.15,5.29,137.33,pigeonpeas
30.07,67.26,17.19,31.33,63.63,6.87,143.29,pigeonpeas
30.71,65.67,16.59,28.5,62.5,6.11,138.31,pigeonpeas
23.2,77.02,23.25,38.71,48.73,6.4,103.29,pigeonpeas
33.86,61.66,20.43,27.93,45.29,5.83,128.28,pigeonpeas
21.77,64.76,21.67,27.91,51.76,6.86,130.89,pigeonpeas
20.69,66.35,22.36,32.13,45.75,6.49,114.69,pigeonpeas
29.09,69.54,19.38,28.77,42.91,6.52,178.8,pigeonpeas
21.18,69.79,15.83,29.6,49.75,5.8,119.25,pigeonpeas
20.99,68.96,19.63,24.23,33.03,5.95,157.59,pigeonpeas
8.51,65.0,18.95,36.01,46.92,6.44,148.88,pigeonpeas
12.22,71.34,20.43,33.15,81.41,5.21,192.43,pigeonpeas
23.28,68.94,19.91,30.12,45.44,6.41,103.28,pigeonpeas
29.5,65.42,17.74,30.04,60.06,5.98,154.86,pigeonpeas
20.61,71.29,21.37,37.51,48.6,6.58,147.7,pigeonpeas
32.78,63.91,21.49,30.87,49.49,6.3,151.94,pigeonpeas
24.3,68.57,23.16,34.7,56.95,6.02,120.55,pigeonpeas
30.73,71.88,22.95,29.54,48.16,5.43,134.21,pigeonpeas
30.98,65.17,21.28,30.88,52.59,5.68,147.34,pigeonpeas
7.05,66.57,16.74,35.42,56.22,6.48,186.83,pigeonpeas
19.31,76.24,21.86,30.73,59.08,5.7,122.33,pigeonpeas
21.35,64.86,17.89,35.48,47.93,6.43,129.32,pigeonpeas
14.08,68.85,16.18,31.28,39.05,7.24,170.06,pigeonpeas
25.63,73.82,18.31,33.27,51.6,6.38,179.99,pigeonpeas
29.39,68.94,16.69,28.38,49.02,6.3,113.92,pigeonpeas
39.47,75.08,21.2,31.73,48.3,5.77,147.13,pigeonpeas
26.55,61.29,20.67,31.0,34.74,5.82,133.63,pigeonpeas
36.33,70.28,17.33,33.08,37.62,6.79,132.04,pigeonpeas
24.44,74.13,17.43,26.96,45.33,6.77,103.22,pigeonpeas
8.01,65.24,21.1,35.4,46.29,6.04,176.73,pigeonpeas
13.78,65.56,20.38,32.96,45.92,6.27,76.57,pigeonpeas
21.05,69.77,18.04,31.69,53.57,6.08,149.69,pigeonpeas
19.22,66.47,21.22,32.01,45.31,6.36,164.65,pigeonpeas
12.7,73.3,19.33,32.88,59.58,5.56,125.49,pigeonpeas
23.27,63.58,23.47,28.72,45.56,6.35,111.94,pigeonpeas
22.63,69.09,19.33,31.2,45.77,5.49,153.84,pigeonpeas
35.53,67.59,20.45,33.75,39.85,7.1,150.56,pigeonpeas
34.79,63.83,23.64,34.02,54.42,6.37,138.17,pigeonpeas
32.2,68.2,16.07,27.87,48.51,6.4,143.44,pigeonpeas
32.31,57.74,20.29,25.59,56.08,6.2,156.54,pigeonpeas
19.82,73.9,22.08,33.4,48.96,6.54,125.56,pigeonpeas
30.13,75.75,22.14,29.13,52.89,5.6,160.74,pigeonpeas
27.7,58.15,17.68,30.58,47.59,5.65,155.7,pigeonpeas
26.51,66.53,18.49,34.91,63.24,6.01,128.17,pigeonpeas
27.95,65.71,19.72,33.9,34.73,6.91,147.0,pigeonpeas
22.53,67.05,19.92,25.87,61.96,6.27,157.18,pigeonpeas
30.71,62.39,20.95,30.63,56.77,5.19,142.27,pigeonpeas
21.38,69.66,20.94,29.2,44.3,6.19,120.34,pigeonpeas
30.05,65.65,14.19,30.28,41.69,5.43,110.97,pigeonpeas
25.66,74.14,20.63,29.53,53.65,6.02,125.9,pigeonpeas
18.07,58.74,19.22,32.01,49.23,6.04,118.99,pigeonpeas
28.65,60.91,21.55,28.24,43.98,5.52,131.21,pigeonpeas
30.85,70.08,21.96,33.2,41.17,6.08,123.54,pigeonpeas
32.98,61.52,21.79,34.4,64.64,6.05,164.59,pigeonpeas
38.69,64.41,16.93,25.39,55.7,5.31,134.76,pigeonpeas
27.62,68.43,20.85,32.22,60.23,5.77,126.38,pigeonpeas
20.36,71.65,21.8,32.97,59.47,5.66,190.85,pigeonpeas
34.14,71.18,23.56,26.12,45.8,5.88,164.84,pigeonpeas
18.7,71.29,22.74,33.76,52.27,5.76,121.71,pigeonpeas
32.5,71.4,19.92,30.14,33.79,5.71,197.56,pigeonpeas
17.32,68.45,22.01,27.42,51.48,6.72,145.34,pigeonpeas
42.21,59.16,22.12,30.94,56.18,6.47,124.84,pigeonpeas
26.37,58.21,21.21,32.47,55.11,6.78,155.11,pigeonpeas
25.89,63.09,18.58,35.36,61.49,6.13,146.27,pigeonpeas
19.57,73.36,21.33,37.81,42.97,6.06,151.36,pigeonpeas
28.88,66.42,18.25,34.36,55.77,5.79,182.27,pigeonpeas
32.02,68.17,20.16,33.3,43.11,6.27,85.81,pigeonpeas
30.26,59.69,23.01,30.43,48.31,5.94,137.08,pigeonpeas
33.51,55.06,22.55,32.6,40.34,5.71,191.1,pigeonpeas
19.33,61.73,22.27,32.6,42.5,6.36,116.79,pigeonpeas
31.6,72.81,21.06,32.68,64.09,6.25,112.5,pigeonpeas
27.7,77.93,17.97,30.33,53.33,6.22,117.99,pigeonpeas
31.73,79.1,20.39,28.56,37.61,6.38,175.36,pigeonpeas
27.85,67.49,18.82,27.95,56.68,6.71,102.49,pigeonpeas
34.54,70.37,22.8,27.14,39.07,6.18,158.83,pigeonpeas
35.78,71.03,19.51,28.16,59.84,5.77,189.78,pigeonpeas
23.29,75.45,21.36,31.05,45.84,6.08,156.78,pigeonpeas
25.46,64.53,19.67,31.76,32.97,6.48,118.06,pigeonpeas
18.08,59.06,16.41,27.09,44.33,7.23,130.54,pigeonpeas
26.07,69.5,20.26,31.25,40.44,6.98,194.7,pigeonpeas
14.9,62.38,19.44,28.37,54.05,5.89,204.54,pigeonpeas
32.14,68.56,22.05,35.09,45.49,5.84,147.15,pigeonpeas
30.17,68.2,16.85,28.89,49.41,6.21,199.24,pigeonpeas
16.68,70.03,22.98,38.88,46.76,6.5,160.67,pigeonpeas
26.17,67.01,20.87,23.27,55.46,6.31,138.88,pigeonpeas
37.28,64.13,19.19,37.97,43.34,5.97,140.96,pigeonpeas
30.04,68.54,17.41,29.77,45.14,6.21,156.71,pigeonpeas
27.51,58.62,22.13,32.32,61.08,6.47,175.29,pigeonpeas
27.8,74.23,21.04,31.18,68.18,6.69,160.78,pigeonpeas
17.34,61.06,20.59,31.97,45.09,6.32,188.69,pigeonpeas
29.17,61.79,19.78,28.88,46.9,6.04,131.86,pigeonpeas
17.47,66.86,18.88,21.98,66.42,6.79,134.65,pigeonpeas
25.11,61.64,23.39,37.67,51.25,6.76,149.82,pigeonpeas
16.98,65.44,20.26,30.02,48.25,6.2,142.78,pigeonpeas
25.31,62.2,18.57,27.33,57.82,5.2,176.72,pigeonpeas
33.32,65.99,14.79,30.33,49.49,5.74,130.83,pigeonpeas
34.18,70.82,18.15,26.31,47.38,6.14,158.65,pigeonpeas
21.79,70.06,23.87,34.15,49.62,6.16,135.19,pigeonpeas
32.08,44.36,20.09,28.1,49.99,4.85,56.13,mothbeans
24.63,50.0,18.93,30.44,48.12,8.55,32.84,mothbeans
27.61,49.88,18.41,28.85,58.9,3.84,58.16,mothbeans
10.04,42.67,23.26,26.84,46.63,6.26,75.76,mothbeans
14.01,42.24,22.99,31.72,51.98,5.01,76.08,mothbeans
34.57,50.89,18.38,27.9,51.7,6.9,68.82,mothbeans
30.28,42.11,22.75,28.63,55.94,8.26,39.99,mothbeans
24.79,44.84,16.86,28.69,65.06,4.29,52.14,mothbeans
28.84,48.12,19.77,25.4,53.66,5.59,27.86,mothbeans
32.17,52.29,20.1,28.46,57.87,6.77,62.67,mothbeans
23.22,54.06,20.64,28.39,46.15,6.84,43.14,mothbeans
21.17,43.42,17.87,32.25,59.16,8.8,38.74,mothbeans
25.43,41.03,18.61,26.16,58.7,6.02,64.52,mothbeans
28.62,59.02,17.04,30.52,58.23,5.33,63.83,mothbeans
27.02,46.36,18.35,26.56,62.75,6.5,61.3,mothbeans
20.25,43.6,22.16,25.3,50.42,6.54,53.75,mothbeans
23.93,49.48,21.39,29.47,47.57,6.16,65.94,mothbeans
30.37,40.64,20.7,24.04,52.73,8.78,41.84,mothbeans
19.99,51.32,16.91,26.73,55.48,5.74,49.85,mothbeans
29.47,49.61,20.53,27.32,54.35,6.35,57.65,mothbeans
22.02,46.59,18.02,27.93,48.44,5.16,55.41,mothbeans
26.28,51.41,19.14,28.82,55.25,7.03,43.21,mothbeans
25.9,49.32,20.01,23.83,53.3,9.16,48.45,mothbeans
20.63,49.37,20.62,30.39,46.21,7.38,59.14,mothbeans
24.15,49.19,22.06,29.74,46.78,7.48,51.77,mothbeans
25.44,47.87,19.7,30.38,52.08,5.16,48.07,mothbeans
26.07,53.65,21.21,26.3,64.93,6.82,66.85,mothbeans
24.09,50.17,21.68,30.44,57.79,7.55,48.96,mothbeans
21.57,49.16,21.87,27.55,57.83,8.24,42.19,mothbeans
19.98,46.8,20.62,26.95,59.26,7.01,52.94,mothbeans
16.38,40.92,20.56,23.73,57.56,6.31,88.98,mothbeans
38.85,46.59,19.79,29.99,61.02,4.53,32.4,mothbeans
21.27,50.41,20.99,30.14,46.5,3.72,62.15,mothbeans
20.03,37.41,20.29,29.59,51.89,5.95,50.71,mothbeans
22.78,40.76,18.57,29.04,54.11,6.7,41.3,mothbeans
23.91,36.61,20.36,30.86,45.13,5.8,56.2,mothbeans
32.52,45.26,18.62,24.06,53.02,8.95,55.62,mothbeans
24.87,49.11,19.98,26.37,56.62,6.77,52.7,mothbeans
19.15,54.02,21.33,26.89,57.51,5.9,43.7,mothbeans
20.44,38.64,20.94,24.34,46.36,4.01,51.53,mothbeans
24.1,45.87,17.91,25.66,54.82,5.84,56.06,mothbeans
19.69,48.41,22.61,29.17,50.44,6.81,49.79,mothbeans
25.05,45.87,19.67,28.42,47.53,5.28,36.88,mothbeans
15.4,41.41,20.32,26.21,55.07,6.54,30.35,mothbeans
28.93,51.55,18.01,28.84,48.22,6.62,38.27,mothbeans
14.24,45.59,19.75,27.2,46.58,6.02,55.53,mothbeans
24.73,48.41,18.66,30.34,46.62,7.09,65.8,mothbeans
27.89,46.49,18.94,30.07,45.39,5.34,48.03,mothbeans
32.43,49.4,18.06,27.38,49.43,5.65,63.51,mothbeans
16.77,55.54,21.66,30.18,50.19,6.32,36.38,mothbeans
21.85,49.97,22.59,25.79,50.67,6.32,36.8,mothbeans
28.55,43.88,19.61,27.1,48.55,6.49,50.07,mothbeans
22.77,43.86,20.64,31.31,53.2,7.7,36.86,mothbeans
25.95,42.01,17.05,26.52,58.46,7.64,55.23,mothbeans
15.8,46.52,20.6,28.35,43.28,5.43,51.78,mothbeans
28.22,36.52,19.68,28.29,56.75,7.33,59.05,mothbeans
20.2,37.96,19.21,30.0,59.47,7.35,57.33,mothbeans
27.28,44.72,19.74,31.34,47.79,8.44,48.88,mothbeans
32.95,40.47,21.17,26.53,45.42,6.76,63.86,mothbeans
19.93,40.0,19.82,27.83,55.24,7.64,51.83,mothbeans
36.13,48.62,19.31,24.78,51.19,6.1,63.3,mothbeans
27.77,41.6,20.34,29.34,60.14,7.57,61.06,mothbeans
25.36,49.44,22.5,25.33,50.75,5.57,56.77,mothbeans
32.38,44.52,15.22,27.18,57.07,7.15,57.32,mothbeans
23.32,41.1,21.03,26.33,63.42,7.18,45.97,mothbeans
21.33,47.04,19.52,30.23,53.43,5.62,73.77,mothbeans
25.3,51.34,18.78,28.73,54.06,4.23,75.17,mothbeans
32.74,45.51,17.8,28.7,52.93,6.93,54.66,mothbeans
28.04,54.74,21.14,25.9,59.31,8.47,87.96,mothbeans
18.26,48.71,15.84,29.11,49.76,8.81,43.79,mothbeans
14.86,45.14,16.05,29.5,42.17,6.53,29.12,mothbeans
23.08,55.72,20.72,26.27,52.34,6.52,57.82,mothbeans
16.8,50.46,14.59,26.74,50.06,7.26,52.75,mothbeans
16.57,42.58,20.4,27.84,49.6,5.92,60.33,mothbeans
21.89,47.06,24.34,25.15,43.24,7.44,44.87,mothbeans
23.09,43.59,19.48,31.2,56.51,7.53,36.57,mothbeans
18.09,33.3,18.38,29.91,55.08,6.23,52.25,mothbeans
20.87,48.52,21.53,24.77,54.0,7.62,47.83,mothbeans
29.2,61.57,19.79,28.79,48.81,6.72,57.68,mothbeans
26.17,42.4,20.41,30.92,54.74,7.65,49.83,mothbeans
29.5,48.9,18.1,28.64,47.54,5.74,54.63,mothbeans
26.78,41.55,22.11,29.14,48.98,4.65,50.87,mothbeans
22.32,48.07,19.27,23.99,50.56,6.13,59.63,mothbeans
20.81,55.89,16.18,30.62,51.38,7.53,53.4,mothbeans
31.84,45.56,17.8,30.84,51.93,6.77,66.39,mothbeans
18.81,50.48,18.82,27.74,52.86,4.7,43.74,mothbeans
33.11,51.93,19.87,28.49,51.03,8.13,50.25,mothbeans
26.39,53.23,18.45,31.12,44.85,8.46,48.31,mothbeans
23.54,38.05,19.09,25.92,49.46,6.34,63.28,mothbeans
26.25,49.04,17.81,26.24,61.49,5.62,71.13,mothbeans
23.54,47.51,22.14,30.54,51.95,6.03,51.87,mothbeans
27.03,51.96,20.01,29.24,60.69,6.96,56.01,mothbeans
15.89,34.35,20.78,27.81,49.93,6.79,51.82,mothbeans
31.77,47.93,18.51,29.98,51.41,7.13,47.13,mothbeans
21.1,47.92,20.03,28.96,51.16,4.3,47.63,mothbeans
29.76,46.01,19.51,29.97,48.94,4.65,50.69,mothbeans
22.09,42.67,19.65,28.98,52.45,6.87,72.9,mothbeans
22.94,48.89,18.98,26.31,49.58,5.93,56.54,mothbeans
39.09,43.92,19.17,27.87,54.48,6.82,66.95,mothbeans
10.44,35.57,19.01,30.19,44.67,3.5,58.93,mothbeans
26.46,42.05,18.03,27.77,85.22,6.57,50.59,mungbean
7.87,43.22,17.75,28.31,83.92,6.86,35.88,mungbean
25.27,50.29,23.71,28.14,85.65,6.34,32.55,mungbean
30.07,47.47,22.36,27.47,86.04,7.07,50.12,mungbean
26.66,47.54,16.86,29.52,83.78,6.8,37.73,mungbean
17.92,54.68,19.31,29.59,84.84,6.33,53.08,mungbean
21.46,50.99,20.05,27.34,85.33,7.14,50.58,mungbean
24.65,52.88,20.42,28.66,82.82,6.75,53.97,mungbean
19.98,54.62,19.82,27.83,87.0,6.64,52.25,mungbean
23.25,47.2,20.99,28.72,81.01,6.48,53.31,mungbean
24.21,44.88,17.28,27.69,80.96,6.68,43.76,mungbean
19.2,47.16,20.73,30.07,81.98,6.93,53.58,mungbean
20.33,48.52,19.08,28.64,88.02,6.82,50.68,mungbean
22.42,40.08,19.58,29.4,81.95,6.49,48.29,mungbean
19.09,43.54,19.15,27.48,83.05,6.84,39.33,mungbean
15.41,44.35,21.46,28.35,84.07,6.71,36.59,mungbean
27.97,49.42,19.18,29.25,82.75,6.93,48.47,mungbean
22.98,47.4,19.79,29.42,82.85,6.55,53.98,mungbean
21.43,52.0,23.4,28.2,86.36,6.47,52.22,mungbean
26.2,49.87,18.71,27.25,86.01,6.29,45.52,mungbean
30.65,48.46,23.9,29.27,83.69,6.71,47.2,mungbean
15.51,42.8,18.88,26.97,85.09,6.65,37.04,mungbean
27.43,51.08,20.45,28.26,86.18,6.84,49.42,mungbean
20.05,48.88,22.39,28.05,89.2,6.59,47.7,mungbean
20.97,48.62,16.52,28.09,82.82,6.73,53.72,mungbean
28.88,35.64,24.08,28.72,83.45,6.73,48.6,mungbean
21.0,48.49,18.79,28.2,83.63,6.41,48.41,mungbean
28.51,50.07,21.64,28.74,83.93,6.87,39.02,mungbean
19.6,42.68,22.16,29.21,85.97,6.91,42.0,mungbean
27.09,46.87,21.69,28.41,84.23,6.81,52.98,mungbean
20.99,47.19,17.88,26.63,85.4,6.82,49.14,mungbean
13.3,45.75,15.56,29.53,82.83,6.95,53.41,mungbean
19.6,41.84,20.7,27.87,85.2,6.6,36.37,mungbean
11.62,48.63,18.88,28.09,86.39,6.93,45.8,mungbean
22.96,50.0,17.29,28.67,86.1,6.84,35.4,mungbean
20.43,43.11,20.2,28.86,87.99,6.6,44.39,mungbean
31.9,48.98,22.54,28.72,82.69,6.43,37.8,mungbean
28.97,53.44,23.7,29.13,87.33,6.58,40.27,mungbean
30.1,49.59,20.21,28.79,85.65,6.96,55.59,mungbean
28.27,51.73,21.03,28.15,86.51,6.42,54.09,mungbean
17.83,48.93,18.31,28.92,84.93,6.38,50.13,mungbean
21.53,51.91,20.0,28.8,83.08,6.58,44.63,mungbean
30.14,55.89,18.39,29.31,80.66,6.46,41.51,mungbean
16.88,39.58,20.83,28.34,85.76,6.84,49.16,mungbean
28.95,47.15,17.63,29.29,83.82,6.51,46.39,mungbean
19.52,45.41,20.69,28.76,83.2,6.6,54.21,mungbean
27.98,57.88,22.36,29.36,82.22,6.85,47.17,mungbean
21.69,48.34,21.89,28.88,83.24,6.85,43.52,mungbean
26.3,45.98,19.56,29.07,82.92,7.09,36.12,mungbean
21.41,49.35,21.17,28.42,84.89,6.78,46.06,mungbean
33.36,51.7,21.75,27.78,84.84,6.64,41.21,mungbean
27.16,44.81,21.31,27.7,88.44,6.52,48.87,mungbean
29.75,44.65,21.7,27.58,87.9,6.7,43.77,mungbean
23.2,51.54,18.83,27.94,84.56,6.46,58.88,mungbean
21.6,51.66,20.42,27.76,84.99,6.86,46.32,mungbean
32.16,52.61,21.84,28.16,82.84,6.58,48.73,mungbean
28.27,36.64,19.98,28.62,84.44,6.96,50.14,mungbean
32.86,46.42,21.87,29.73,87.62,6.48,45.91,mungbean
22.93,49.95,21.37,27.87,85.14,6.3,56.51,mungbean
21.93,47.78,19.38,29.36,79.32,6.7,46.84,mungbean
22.28,56.13,18.23,29.08,85.71,6.95,43.33,mungbean
20.6,52.98,20.85,27.34,83.92,6.78,52.74,mungbean
20.92,32.93,21.05,27.58,80.97,6.13,52.59,mungbean
25.77,46.37,22.78,28.98,88.23,6.42,47.28,mungbean
15.3,46.35,19.5,28.97,85.09,6.82,51.9,mungbean
37.93,45.92,18.12,28.68,83.4,7.0,45.73,mungbean
21.61,45.14,21.44,28.38,83.72,7.03,42.15,mungbean
25.21,50.76,16.74,28.86,82.89,6.86,41.48,mungbean
29.16,53.03,21.72,28.69,84.54,6.58,56.69,mungbean
20.8,42.31,21.33,27.9,83.1,6.41,44.48,mungbean
24.5,48.72,21.9,28.9,84.62,6.66,50.69,mungbean
32.64,48.13,19.06,27.76,82.11,6.83,51.11,mungbean
28.46,46.86,22.81,28.14,86.91,6.69,43.7,mungbean
28.56,49.55,20.71,28.56,84.92,7.18,54.9,mungbean
29.34,48.06,22.01,28.89,85.05,6.64,46.99,mungbean
5.98,48.55,19.02,29.69,85.04,6.46,47.19,mungbean
18.72,49.87,20.58,29.22,83.42,6.71,38.97,mungbean
29.21,50.09,20.99,28.5,85.83,7.02,45.72,mungbean
25.83,42.07,18.26,28.57,87.21,6.65,46.03,mungbean
22.56,44.83,20.59,27.38,87.56,6.57,52.01,mungbean
17.38,50.84,21.34,28.79,83.01,6.75,40.11,mungbean
23.48,52.65,21.59,28.51,83.05,6.83,47.62,mungbean
11.08,51.41,19.95,29.4,82.81,6.06,49.24,mungbean
26.75,39.05,18.04,30.57,84.39,6.85,43.43,mungbean
12.46,46.65,19.47,28.2,84.77,6.75,46.56,mungbean
17.42,49.93,16.1,26.96,86.48,6.8,47.14,mungbean
16.63,43.96,19.47,27.3,83.52,6.83,56.42,mungbean
22.48,51.28,16.17,28.99,83.39,6.76,45.95,mungbean
32.92,43.13,21.26,28.29,84.68,6.66,42.21,mungbean
24.92,47.19,20.48,28.56,86.6,6.88,40.93,mungbean
30.21,41.57,21.18,28.96,81.18,6.72,44.57,mungbean
20.45,54.25,18.69,27.9,85.15,6.84,46.61,mungbean
32.0,50.15,15.64,28.1,83.88,6.8,31.09,mungbean
40.29,50.16,20.3,29.39,89.69,6.87,53.43,mungbean
25.78,46.79,19.05,27.88,83.63,6.43,47.03,mungbean
14.89,48.45,19.93,28.61,83.96,7.32,56.0,mungbean
17.53,48.66,18.78,27.74,82.32,6.79,43.24,mungbean
30.81,52.47,22.75,27.86,85.95,6.83,44.54,mungbean
20.37,55.55,20.45,28.98,83.36,6.46,43.94,mungbean
24.26,42.18,19.98,27.23,82.76,6.83,51.27,mungbean
42.65,62.41,17.95,29.07,66.29,7.19,65.64,blackgram
38.08,68.84,18.35,28.7,67.65,7.17,68.09,blackgram
37.37,68.56,22.13,29.06,67.7,7.26,73.74,blackgram
46.83,70.44,22.83,31.12,64.0,6.91,68.39,blackgram
37.26,66.78,22.19,24.52,68.07,7.22,65.78,blackgram
48.26,67.52,22.46,32.46,62.2,7.12,66.73,blackgram
45.5,63.86,23.5,32.6,63.52,6.73,66.05,blackgram
47.61,68.7,22.51,31.97,66.94,7.07,62.29,blackgram
43.83,72.8,19.9,31.26,64.36,6.79,67.04,blackgram
46.85,64.22,19.53,27.65,67.24,6.94,72.95,blackgram
54.17,67.09,17.98,24.79,62.06,6.73,72.67,blackgram
45.69,69.45,15.56,27.01,66.77,7.06,66.95,blackgram
48.39,75.68,19.56,30.17,65.39,7.48,59.63,blackgram
49.1,66.93,21.13,28.36,64.9,7.14,79.17,blackgram
49.85,63.26,19.15,28.87,61.41,6.93,70.25,blackgram
37.35,72.74,20.98,28.16,64.72,7.32,70.25,blackgram
45.05,66.31,20.15,28.72,60.79,7.41,68.08,blackgram
47.39,67.21,18.53,29.54,61.8,7.46,62.87,blackgram
38.81,65.3,22.58,30.04,62.53,7.25,70.24,blackgram
48.23,71.08,24.79,35.46,63.63,7.32,68.94,blackgram
47.99,59.04,19.66,27.97,66.66,7.21,59.72,blackgram
44.87,73.11,19.63,31.82,65.7,7.07,66.48,blackgram
37.7,61.89,21.42,30.05,64.72,6.92,66.36,blackgram
51.28,65.82,17.32,31.86,64.59,7.01,73.53,blackgram
44.88,68.95,17.64,29.45,66.22,6.69,68.25,blackgram
45.6,67.71,22.07,30.84,67.96,6.8,68.01,blackgram
45.51,62.15,21.91,35.81,64.97,7.1,67.82,blackgram
40.72,58.4,18.59,26.52,68.41,6.98,66.2,blackgram
50.33,61.89,18.47,30.17,67.06,7.1,68.43,blackgram
45.47,69.5,20.4,27.43,65.09,6.79,67.8,blackgram
42.12,80.2,19.92,26.49,64.73,7.1,73.78,blackgram
41.46,59.59,21.63,26.55,64.13,6.95,67.24,blackgram
49.13,64.08,19.45,29.96,65.3,7.02,69.14,blackgram
50.06,69.46,20.91,26.04,65.1,7.1,70.23,blackgram
40.85,64.2,18.85,31.34,67.07,6.92,70.9,blackgram
45.74,66.88,19.58,31.87,65.65,7.46,64.3,blackgram
48.11,64.85,18.26,29.97,65.27,7.58,66.81,blackgram
38.22,68.87,15.85,29.77,65.03,7.16,71.15,blackgram
41.98,66.75,18.47,27.18,65.62,6.75,65.95,blackgram
39.03,70.25,23.6,26.75,61.29,6.98,67.56,blackgram
46.31,65.27,19.6,30.92,67.08,6.61,66.12,blackgram
46.28,62.91,23.46,28.41,64.92,7.11,65.28,blackgram
33.92,65.36,22.06,29.16,63.31,7.19,66.26,blackgram
41.94,68.25,21.54,35.95,66.65,7.23,65.6,blackgram
38.84,67.81,20.21,27.3,64.65,7.08,68.85,blackgram
48.03,68.95,18.99,28.72,62.6,7.36,67.55,blackgram
43.65,62.86,25.87,27.32,64.14,7.08,69.75,blackgram
50.75,76.54,21.01,27.36,64.49,7.06,75.26,blackgram
36.61,73.51,20.36,32.09,64.8,6.83,70.32,blackgram
48.93,72.36,19.97,28.5,61.88,7.16,69.09,blackgram
39.21,64.81,19.07,26.29,63.36,6.77,65.95,blackgram
40.57,59.36,24.05,33.13,63.44,7.05,69.07,blackgram
52.15,63.41,22.18,28.63,62.33,7.14,72.34,blackgram
60.53,61.5,21.4,28.98,66.57,6.71,62.76,blackgram
40.34,67.89,18.72,31.65,67.05,7.12,73.57,blackgram
47.49,61.42,22.73,28.49,66.82,7.31,69.21,blackgram
36.02,62.91,22.65,29.58,65.16,7.15,70.11,blackgram
46.67,66.46,19.37,32.14,66.11,6.95,71.56,blackgram
44.23,63.24,18.48,27.55,64.46,7.25,64.48,blackgram
46.13,64.22,19.48,26.22,64.56,6.96,69.53,blackgram
46.34,61.51,22.17,30.53,65.4,7.0,65.56,blackgram
46.31,69.88,16.51,28.65,64.49,7.05,71.97,blackgram
40.37,65.01,18.97,28.0,64.31,7.15,63.55,blackgram
47.57,58.99,18.88,29.18,68.35,6.95,59.25,blackgram
33.01,67.67,21.23,30.94,65.34,7.23,65.48,blackgram
50.37,59.34,18.19,25.48,64.45,6.99,67.93,blackgram
45.37,62.86,19.62,26.26,67.73,6.94,65.67,blackgram
54.53,61.29,17.75,27.26,64.86,7.09,70.27,blackgram
60.43,56.25,21.22,28.61,63.83,6.88,64.09,blackgram
55.11,71.71,20.05,33.38,61.97,6.73,59.33,blackgram
40.8,68.31,20.21,30.37,62.18,7.16,68.4,blackgram
49.4,58.04,20.62,27.03,64.21,7.11,67.84,blackgram
39.89,67.53,16.94,32.88,64.59,7.22,65.53,blackgram
41.86,63.68,21.75,28.23,66.29,6.92,60.09,blackgram
41.58,61.6,20.07,27.02,66.85,6.98,66.83,blackgram
48.94,72.32,19.96,28.07,61.45,6.86,65.19,blackgram
45.64,65.77,21.38,28.47,64.89,7.24,68.78,blackgram
44.64,64.49,18.73,27.87,63.92,7.15,66.67,blackgram
36.9,76.34,20.64,26.48,64.12,7.02,73.89,blackgram
38.35,72.38,22.8,28.43,64.44,6.79,66.74,blackgram
44.78,70.8,22.18,28.13,61.07,7.0,68.6,blackgram
46.5,65.87,20.25,33.79,65.76,6.93,65.62,blackgram
43.98,75.68,19.63,29.95,64.04,7.22,74.85,blackgram
47.7,67.91,20.07,24.04,66.49,7.03,69.11,blackgram
40.73,65.58,19.18,32.55,64.24,7.42,69.12,blackgram
37.35,66.86,18.7,24.51,68.2,7.14,69.5,blackgram
45.99,60.59,19.03,32.1,62.9,6.49,66.65,blackgram
44.15,68.18,21.46,31.59,65.52,7.24,61.8,blackgram
48.03,70.63,17.52,26.24,63.51,6.87,70.33,blackgram
41.31,63.22,18.78,32.8,65.03,6.96,67.09,blackgram
52.75,63.75,22.63,30.53,64.68,7.5,63.54,blackgram
42.88,61.34,21.9,34.22,68.34,7.24,66.76,blackgram
42.81,59.14,24.07,31.17,64.02,7.27,63.85,blackgram
47.44,66.64,21.28,29.84,62.1,7.02,71.43,blackgram
44.82,71.38,17.91,29.93,63.75,7.15,67.62,blackgram
49.14,72.94,21.38,30.68,63.0,7.0,65.5,blackgram
42.94,65.63,18.04,25.11,63.66,7.04,62.44,blackgram
45.09,77.0,22.05,34.11,65.78,7.23,64.79,blackgram
41.13,53.8,22.37,33.85,63.89,6.95,64.67,blackgram
47.3,73.12,16.51,31.02,64.45,7.02,69.22,blackgram
23.87,66.98,19.57,26.91,65.84,6.82,38.65,lentil
22.73,71.99,20.08,25.98,68.53,7.06,45.47,lentil
21.93,54.73,19.66,23.02,65.78,6.7,43.4,lentil
14.32,62.8,20.95,29.15,64.8,6.85,49.76,lentil
20.13,69.33,18.52,26.59,65.3,6.84,41.09,lentil
29.24,77.92,17.98,22.98,65.46,6.99,42.2,lentil
8.0,74.3,21.52,18.77,63.78,7.22,52.24,lentil
30.63,66.62,20.17,23.61,67.26,6.49,40.97,lentil
31.06,67.28,22.76,21.99,64.89,6.47,45.04,lentil
16.13,65.06,17.13,26.08,66.43,6.23,51.67,lentil
39.98,67.73,18.72,32.47,62.36,6.76,45.9,lentil
33.07,69.3,19.0,21.15,64.32,6.45,45.24,lentil
21.61,60.03,22.51,22.51,62.46,6.7,45.34,lentil
14.52,69.16,17.91,29.13,66.05,6.63,41.27,lentil
24.37,70.56,19.95,23.35,65.12,6.57,43.28,lentil
12.49,72.37,20.6,21.68,68.8,6.78,39.82,lentil
30.14,69.49,20.79,22.72,65.9,6.67,47.78,lentil
13.57,65.33,23.44,21.7,63.79,6.62,38.93,lentil
11.75,66.35,20.27,23.84,64.71,6.76,50.11,lentil
23.86,64.63,19.44,25.74,67.82,6.56,45.49,lentil
27.03,62.54,20.04,19.6,61.46,6.86,43.08,lentil
26.21,67.41,18.05,23.86,62.53,7.17,38.22,lentil
23.83,62.29,21.14,23.01,63.96,7.01,45.15,lentil
28.1,62.59,17.19,24.32,64.36,6.94,44.6,lentil
26.23,59.38,23.78,23.51,66.4,6.5,46.54,lentil
17.18,69.76,19.29,24.09,66.4,6.38,41.58,lentil
27.74,77.99,19.72,25.77,64.79,7.33,36.26,lentil
25.57,59.37,14.99,24.89,65.28,6.66,44.47,lentil
43.59,66.21,21.02,22.05,65.59,6.68,42.95,lentil
35.91,73.39,20.27,17.09,64.28,7.56,43.85,lentil
31.62,74.71,20.44,21.47,60.13,6.96,40.93,lentil
26.06,61.25,19.47,24.1,65.54,6.42,50.98,lentil
21.42,59.13,19.78,24.1,65.32,7.16,43.82,lentil
24.28,61.98,21.64,24.55,64.16,6.18,52.22,lentil
17.63,64.54,20.72,20.41,62.01,6.11,48.6,lentil
21.73,82.14,18.01,21.24,63.87,6.82,42.65,lentil
28.67,62.61,17.24,18.61,60.55,6.59,43.5,lentil
21.21,73.72,22.46,23.0,61.41,6.58,42.0,lentil
21.06,64.01,18.69,22.84,63.73,6.81,46.8,lentil
19.54,73.86,18.04,19.15,65.76,6.5,46.61,lentil
10.58,74.46,21.34,19.5,62.04,7.25,41.31,lentil
19.99,56.17,19.3,23.32,66.43,6.33,37.4,lentil
27.71,72.53,16.86,27.24,65.08,7.08,44.65,lentil
9.87,66.74,22.12,21.32,64.22,6.7,30.5,lentil
35.03,62.99,21.01,23.74,67.52,6.87,43.83,lentil
19.64,71.49,16.25,25.94,62.8,7.13,45.81,lentil
28.86,67.91,16.5,21.42,66.34,6.8,50.9,lentil
27.42,62.67,18.41,24.31,60.37,7.25,47.21,lentil
32.36,59.6,22.49,30.69,62.36,6.98,45.01,lentil
15.73,69.96,21.67,22.2,67.33,6.25,37.53,lentil
25.82,67.63,18.57,26.43,66.06,7.01,44.38,lentil
28.62,65.27,24.11,21.56,69.21,6.76,38.12,lentil
33.21,68.13,21.7,27.67,65.68,6.57,49.88,lentil
25.0,70.93,15.69,25.34,63.72,7.25,48.12,lentil
26.44,69.93,18.0,28.87,68.98,6.87,52.95,lentil
21.59,63.51,20.08,25.3,64.21,6.91,46.53,lentil
19.01,70.09,21.73,24.51,67.31,6.38,47.34,lentil
17.98,61.93,18.74,21.17,63.9,6.69,49.19,lentil
23.07,59.57,22.28,21.49,64.88,6.88,46.0,lentil
31.57,69.9,18.28,30.54,65.39,6.71,49.82,lentil
26.5,69.5,24.98,23.17,64.36,6.78,50.36,lentil
15.96,57.67,18.83,19.1,64.15,6.9,40.55,lentil
16.44,67.85,21.73,18.92,66.64,7.0,49.77,lentil
32.31,78.51,19.29,24.33,64.17,6.75,52.66,lentil
16.93,63.19,22.75,27.06,64.27,7.01,46.71,lentil
34.0,67.87,22.05,31.93,66.2,6.76,48.61,lentil
22.81,79.44,20.36,23.18,63.33,7.08,49.34,lentil
22.02,70.38,16.98,24.55,65.91,7.26,41.15,lentil
17.33,63.02,17.33,28.01,68.1,6.85,51.11,lentil
25.8,67.02,19.33,23.07,61.9,6.83,44.8,lentil
29.47,67.97,19.67,21.39,65.14,6.97,39.28,lentil
25.52,68.67,18.56,22.24,65.46,6.41,46.75,lentil
19.63,72.81,24.68,21.42,66.07,6.53,50.2,lentil
17.41,69.9,18.25,23.38,62.94,7.0,40.82,lentil
28.31,65.78,19.77,24.44,63.48,6.81,52.65,lentil
20.33,73.36,23.0,21.55,62.09,6.84,42.26,lentil
36.21,67.67,18.4,20.56,67.18,6.58,45.22,lentil
30.73,65.08,19.91,23.95,66.37,6.93,43.9,lentil
25.38,65.64,17.04,24.77,68.78,6.48,41.13,lentil
19.78,71.12,20.9,23.52,63.16,6.78,37.18,lentil
25.86,71.86,17.5,19.4,68.16,6.57,50.68,lentil
24.08,66.69,20.88,21.35,65.26,6.64,38.4,lentil
27.02,66.18,19.69,20.37,68.18,7.01,49.82,lentil
23.17,58.85,23.91,23.82,63.5,6.88,50.84,lentil
24.86,73.89,22.17,20.77,63.65,7.04,31.44,lentil
24.1,60.35,19.05,23.1,64.28,6.58,39.51,lentil
38.75,76.84,17.68,28.75,64.2,6.79,44.68,lentil
21.04,72.42,20.25,22.57,62.39,6.48,36.79,lentil
25.07,61.52,19.47,28.11,67.4,6.74,44.56,lentil
36.28,70.1,19.34,19.72,65.79,7.0,41.84,lentil
26.75,65.68,19.63,16.54,64.56,7.04,41.84,lentil
25.32,63.72,20.72,23.35,63.12,7.15,49.64,lentil
21.37,69.99,21.07,25.93,61.61,7.05,42.15,lentil
22.85,80.69,20.6,22.84,60.59,7.17,38.27,lentil
18.98,65.84,22.83,26.32,64.68,6.84,42.0,lentil
25.84,67.87,21.94,26.9,65.99,6.64,48.71,lentil
24.45,62.09,19.19,24.25,66.82,6.69,38.95,lentil
25.34,68.07,20.37,26.76,67.04,6.57,41.92,lentil
18.76,70.99,22.9,23.05,64.52,7.19,47.53,lentil
27.62,61.55,21.36,21.21,62.73,6.65,42.07,lentil
26.39,14.24,41.92,23.47,86.11,6.68,104.46,pomegranate
31.78,19.73,40.06,21.18,92.42,5.93,109.78,pomegranate
33.01,22.87,44.65,20.57,91.91,6.31,112.13,pomegranate
27.46,18.45,42.61,20.64,87.17,6.17,109.82,pomegranate
34.46,20.44,42.64,19.12,89.11,6.25,107.07,pomegranate
27.92,22.76,39.11,21.74,89.91,6.04,107.07,pomegranate
26.78,19.34,40.06,21.63,89.14,6.78,103.11,pomegranate
23.9,31.12,37.92,19.13,91.47,5.64,106.62,pomegranate
38.23,13.82,36.04,18.88,91.8,6.73,105.58,pomegranate
30.92,25.56,43.57,21.07,85.4,6.07,105.9,pomegranate
26.21,19.25,42.24,23.73,89.66,6.72,108.84,pomegranate
27.82,23.63,40.14,25.1,87.12,6.17,107.03,pomegranate
29.7,25.07,39.95,19.01,91.69,6.61,100.22,pomegranate
27.48,13.64,38.67,19.92,91.62,6.39,102.68,pomegranate
31.9,14.26,40.66,20.08,89.27,6.52,109.46,pomegranate
34.18,19.67,40.61,20.73,90.36,6.5,107.13,pomegranate
18.48,21.33,40.73,20.31,87.43,6.85,109.34,pomegranate
26.35,15.45,38.36,23.78,90.28,6.16,109.41,pomegranate
23.43,26.0,42.71,20.68,88.74,5.46,101.94,pomegranate
20.8,20.54,39.35,19.15,89.44,6.52,109.48,pomegranate
18.0,19.49,37.23,23.08,91.57,6.04,104.63,pomegranate
25.19,10.99,40.67,21.02,91.94,5.98,105.18,pomegranate
19.97,15.98,37.64,23.24,88.6,6.39,106.07,pomegranate
21.15,19.33,41.2,19.39,91.62,6.06,105.69,pomegranate
30.15,17.35,40.08,20.95,90.26,5.54,100.64,pomegranate
30.58,24.15,38.18,21.07,90.59,6.59,99.9,pomegranate
23.07,18.67,41.41,25.87,89.54,5.87,109.01,pomegranate
34.1,20.43,38.19,23.18,91.33,6.0,108.93,pomegranate
32.49,24.73,39.87,20.87,92.45,5.94,109.14,pomegranate
20.65,24.26,39.48,23.72,90.98,5.93,112.84,pomegranate
35.26,23.53,38.48,20.96,90.29,6.11,113.85,pomegranate
28.22,9.19,40.68,20.89,89.85,6.22,110.53,pomegranate
33.1,21.13,39.32,21.43,90.04,6.08,109.67,pomegranate
29.8,26.16,42.51,20.3,91.64,6.03,110.11,pomegranate
24.92,15.91,40.56,16.82,86.5,6.29,107.81,pomegranate
25.65,13.68,38.36,22.18,91.16,6.34,111.84,pomegranate
29.49,17.01,39.44,19.04,89.78,6.73,110.07,pomegranate
34.51,18.79,42.69,21.16,92.94,6.34,110.15,pomegranate
34.88,19.23,40.44,23.76,89.73,5.9,115.54,pomegranate
25.15,20.64,42.31,20.44,87.98,6.44,100.78,pomegranate
26.06,20.98,39.46,18.8,93.19,6.39,112.87,pomegranate
26.2,16.48,40.54,21.12,87.64,6.85,105.17,pomegranate
18.3,25.31,38.99,20.44,86.47,6.94,102.66,pomegranate
27.79,23.65,40.84,21.4,86.6,6.07,108.2,pomegranate
23.56,20.81,41.36,23.18,87.55,7.1,110.38,pomegranate
27.49,24.36,44.73,18.98,89.55,5.54,108.22,pomegranate
29.33,19.84,38.69,17.91,90.75,6.84,105.28,pomegranate
29.7,13.73,40.91,20.81,88.48,6.09,106.02,pomegranate
29.41,14.75,39.21,21.43,87.8,6.96,104.3,pomegranate
24.15,16.09,43.6,22.47,88.13,6.73,108.25,pomegranate
28.79,18.62,38.5,22.09,88.91,6.97,102.74,pomegranate
35.18,19.55,40.6,22.96,88.74,6.64,97.35,pomegranate
23.9,16.3,37.49,21.12,90.77,6.59,108.4,pomegranate
24.17,21.48,40.25,23.14,91.55,6.36,104.14,pomegranate
24.24,17.8,39.37,21.97,91.43,6.33,107.56,pomegranate
28.22,17.94,38.15,18.43,88.61,6.51,104.86,pomegranate
26.31,21.87,41.04,19.61,91.99,6.73,103.26,pomegranate
23.38,24.76,39.71,17.62,87.2,6.27,103.14,pomegranate
25.43,20.13,42.92,20.99,92.15,6.84,112.88,pomegranate
28.92,12.15,40.92,23.33,89.84,6.94,110.72,pomegranate
30.34,24.35,40.67,17.14,89.0,6.76,104.47,pomegranate
26.38,15.82,43.57,24.44,88.23,6.4,104.95,pomegranate
30.57,22.04,41.62,22.08,95.87,6.0,101.09,pomegranate
25.53,13.73,37.02,19.75,88.16,6.03,109.44,pomegranate
24.97,19.28,41.79,20.16,89.47,6.47,100.22,pomegranate
15.58,21.38,40.98,25.11,90.32,6.63,106.77,pomegranate
28.99,26.67,35.75,22.22,94.27,6.45,113.69,pomegranate
24.35,19.87,40.07,17.62,87.66,5.98,110.58,pomegranate
31.86,21.3,41.65,21.21,92.4,6.35,107.72,pomegranate
26.17,22.74,39.16,23.21,87.74,5.98,110.08,pomegranate
27.06,18.18,41.78,20.44,89.6,6.83,113.27,pomegranate
35.36,18.87,42.46,19.84,88.19,5.55,113.77,pomegranate
23.18,19.49,38.18,22.72,89.25,5.91,109.16,pomegranate
20.33,16.65,35.79,19.01,90.36,5.68,101.95,pomegranate
27.49,17.83,43.98,24.71,88.26,6.54,110.31,pomegranate
24.51,14.02,39.98,21.2,89.13,6.5,104.68,pomegranate
21.74,20.44,40.77,19.44,91.86,5.75,105.33,pomegranate
26.21,17.46,38.87,24.77,88.3,7.18,109.14,pomegranate
27.96,21.9,45.06,19.76,87.76,6.09,107.62,pomegranate
18.87,20.09,43.39,21.76,89.41,6.14,110.87,pomegranate
23.37,27.39,43.87,21.95,89.98,6.7,111.61,pomegranate
23.47,17.89,37.36,22.22,91.33,5.89,105.79,pomegranate
20.76,16.4,41.1,20.22,89.4,5.8,108.2,pomegranate
27.28,17.08,39.62,21.82,88.37,5.85,114.27,pomegranate
24.33,19.61,42.02,27.68,87.51,6.5,104.85,pomegranate
24.81,17.12,37.75,21.43,87.05,6.67,107.71,pomegranate
29.61,18.14,39.27,22.0,87.67,6.23,104.28,pomegranate
23.05,11.56,42.68,20.3,92.33,6.71,102.68,pomegranate
22.06,30.24,43.5,21.44,90.51,6.14,109.12,pomegranate
23.91,11.87,37.36,21.54,87.74,6.33,103.47,pomegranate
23.59,23.41,40.49,21.48,91.76,6.51,112.92,pomegranate
25.2,18.28,37.4,20.75,91.93,6.79,111.1,pomegranate
18.53,24.33,36.32,23.07,89.26,6.59,102.5,pomegranate
33.36,14.14,38.66,19.75,86.49,6.38,114.27,pomegranate
40.83,20.39,42.23,21.91,91.0,6.23,108.23,pomegranate
30.19,17.69,39.85,21.4,91.65,5.99,107.31,pomegranate
37.06,24.66,42.7,21.54,90.64,6.69,113.35,pomegranate
17.74,14.74,42.62,21.02,88.66,5.92,105.42,pomegranate
20.49,28.36,39.96,21.4,91.18,6.68,111.05,pomegranate
32.87,17.48,39.4,22.85,88.95,6.35,109.0,pomegranate
106.28,73.61,51.43,27.21,81.41,6.16,117.06,banana
110.83,89.23,52.89,27.86,80.06,6.17,110.49,banana
97.53,84.52,49.93,26.43,82.58,6.01,120.37,banana
87.0,79.72,50.07,28.92,80.8,6.06,96.55,banana
90.74,84.11,47.27,26.84,81.0,5.8,117.04,banana
109.79,74.64,48.14,24.64,78.43,6.15,101.9,banana
103.69,74.89,51.6,26.81,80.02,5.98,95.46,banana
90.78,87.34,50.8,28.81,80.65,6.03,92.05,banana
97.84,82.36,53.91,28.36,83.07,6.12,99.67,banana
100.94,83.68,48.12,27.02,79.59,6.32,89.39,banana
109.65,77.82,47.26,28.97,81.46,6.25,111.01,banana
116.48,85.29,49.69,27.93,82.49,5.84,100.11,banana
97.53,71.98,50.28,25.14,80.11,6.17,101.42,banana
113.42,75.2,52.38,28.34,76.57,6.54,104.52,banana
92.98,75.46,49.56,27.34,80.21,5.94,109.75,banana
96.9,72.83,49.7,24.54,80.71,5.8,106.23,banana
110.51,77.76,52.12,26.96,83.51,5.93,98.7,banana
105.5,80.32,48.32,26.9,79.91,6.27,90.49,banana
100.18,85.62,50.39,29.14,79.85,5.96,109.44,banana
100.79,80.55,51.03,26.68,78.78,5.89,115.15,banana
74.23,84.48,50.07,25.4,80.62,6.1,109.42,banana
78.79,89.33,48.52,28.36,81.48,5.82,109.95,banana
96.92,72.14,52.34,26.53,78.29,5.92,107.04,banana
99.54,85.24,47.32,26.57,79.77,6.38,104.15,banana
108.68,82.69,49.03,27.19,79.66,6.12,115.31,banana
102.88,88.44,48.07,26.98,78.55,6.06,102.31,banana
105.84,77.84,50.09,28.36,75.87,6.42,102.88,banana
83.8,83.29,50.07,27.4,81.98,6.15,107.23,banana
103.6,81.98,53.55,25.65,80.28,6.01,111.1,banana
93.25,73.78,50.31,27.85,82.98,5.75,113.66,banana
118.94,80.61,47.42,26.99,80.03,6.11,100.56,banana
112.44,76.93,46.52,28.88,75.45,5.96,128.38,banana
99.9,76.9,49.89,27.44,80.32,6.13,97.21,banana
113.5,83.73,51.45,26.71,82.57,5.95,107.08,banana
92.54,77.52,51.38,26.95,78.29,5.87,110.24,banana
94.97,81.91,50.03,25.1,77.06,6.07,99.47,banana
108.45,87.33,51.44,29.77,79.83,6.13,100.62,banana
119.62,92.42,50.02,27.98,82.72,5.97,100.08,banana
106.99,82.89,50.37,26.46,76.56,6.05,111.79,banana
98.19,89.68,48.59,26.18,79.87,5.98,110.77,banana
93.8,89.34,53.93,27.45,82.5,5.79,113.06,banana
108.38,86.82,49.97,23.81,78.72,5.87,97.66,banana
100.98,80.41,48.35,26.18,78.57,6.22,100.04,banana
95.88,80.22,50.68,28.07,73.91,6.2,115.77,banana
91.6,77.64,49.1,26.55,80.45,5.61,96.62,banana
112.31,77.86,52.49,27.94,76.38,6.13,104.12,banana
96.36,83.72,50.95,28.38,82.36,6.08,94.68,banana
96.21,97.22,51.45,30.46,82.79,6.05,107.26,banana
99.71,73.81,50.04,29.01,78.8,6.08,111.39,banana
92.72,80.24,47.96,26.47,77.42,5.82,115.65,banana
92.68,83.13,48.99,28.97,82.62,6.17,107.3,banana
98.15,76.54,53.89,26.55,81.33,6.21,100.84,banana
108.3,86.32,53.46,26.91,77.43,5.9,106.57,banana
100.47,80.53,46.18,28.09,83.94,6.09,109.57,banana
104.58,84.49,51.86,27.99,79.37,5.84,103.13,banana
102.51,80.92,50.63,28.05,81.67,6.26,105.59,banana
89.54,80.77,50.09,25.21,82.78,6.03,107.86,banana
110.92,79.35,51.15,27.36,79.63,5.85,117.49,banana
97.0,86.0,46.25,28.97,82.1,6.02,103.3,banana
103.2,93.94,46.47,28.48,78.18,6.0,103.14,banana
96.57,82.45,47.73,28.79,76.41,6.11,102.55,banana
90.63,83.51,46.89,27.55,77.15,6.09,98.07,banana
96.39,83.97,48.45,27.43,76.97,6.13,118.24,banana
122.34,82.96,51.58,25.27,83.01,6.16,101.37,banana
109.9,81.23,49.08,28.09,77.87,6.2,97.08,banana
91.6,77.95,51.52,26.73,77.3,5.88,104.76,banana
90.55,76.74,54.22,26.42,79.35,5.93,101.84,banana
104.97,87.24,49.39,25.95,82.55,5.98,117.98,banana
82.04,83.48,53.84,27.06,79.55,6.06,100.81,banana
97.5,80.81,48.75,29.04,80.92,6.05,111.06,banana
97.89,78.63,48.79,27.5,77.88,5.9,101.13,banana
117.0,68.63,49.64,29.66,80.24,6.15,105.75,banana
94.66,71.29,50.41,26.53,78.4,5.9,118.09,banana
119.24,83.59,49.07,26.03,80.94,6.36,103.14,banana
80.97,85.85,51.97,25.52,80.35,6.09,104.45,banana
93.67,87.58,49.19,25.64,75.9,6.25,109.62,banana
100.7,80.3,48.94,26.16,79.14,5.58,99.48,banana
97.51,85.55,49.92,28.49,82.7,6.21,108.53,banana
100.09,77.6,51.48,29.6,80.68,6.38,93.56,banana
90.77,86.78,50.53,29.14,79.97,5.83,103.4,banana
87.74,76.86,51.94,28.59,80.73,5.66,102.31,banana
90.2,88.38,48.83,26.14,80.06,5.87,116.13,banana
94.12,75.5,45.69,27.46,78.88,5.71,113.92,banana
105.34,82.36,52.73,28.33,78.35,5.79,111.13,banana
103.17,83.35,48.31,28.26,78.49,5.98,115.85,banana
94.71,74.64,47.89,28.74,80.51,5.97,101.18,banana
103.88,78.25,50.61,26.59,78.2,5.87,102.18,banana
99.61,83.68,42.62,26.49,79.22,6.3,96.9,banana
101.3,89.98,47.37,27.99,78.4,5.9,98.98,banana
94.15,96.11,51.69,28.88,80.98,5.68,107.96,banana
108.58,78.23,51.93,28.38,83.7,5.92,96.77,banana
97.11,89.68,46.34,24.91,80.18,5.91,105.06,banana
107.56,79.74,46.25,30.06,78.01,5.79,113.28,banana
96.92,82.18,50.97,28.85,79.33,6.3,88.98,banana
106.08,78.3,52.74,27.68,78.65,6.13,111.7,banana
105.14,77.35,49.03,27.49,79.92,6.15,89.89,banana
102.67,81.05,48.32,26.57,79.57,5.28,99.74,banana
92.99,85.16,48.39,27.23,83.08,6.2,111.77,banana
96.0,85.22,49.53,27.25,80.82,5.88,116.2,banana
98.72,85.59,52.91,28.79,77.18,6.09,111.38,banana
30.35,20.55,28.69,33.74,48.48,5.6,102.88,mango
24.71,22.09,28.24,32.25,47.33,5.63,96.67,mango
32.79,27.67,28.57,34.15,49.4,5.13,94.14,mango
33.63,25.66,30.03,35.18,47.14,5.11,86.92,mango
27.24,25.67,33.09,32.05,49.19,5.75,95.59,mango
14.97,35.84,31.04,31.97,51.23,6.1,94.3,mango
21.21,27.4,30.77,29.68,52.84,5.9,98.65,mango
33.35,25.09,30.63,33.32,48.55,5.78,95.63,mango
19.26,34.27,27.19,28.58,52.63,6.11,89.87,mango
28.64,30.87,29.94,37.35,46.55,6.1,100.83,mango
30.35,24.18,29.42,32.5,51.63,6.05,100.2,mango
18.89,24.09,28.12,30.63,52.03,5.8,108.03,mango
26.16,25.24,30.21,30.06,49.88,6.31,95.57,mango
20.24,21.3,29.1,31.67,52.39,5.08,93.4,mango
25.87,17.67,28.33,29.97,48.41,5.85,94.2,mango
21.67,26.71,33.45,35.19,46.15,6.04,94.11,mango
25.93,23.41,30.24,31.84,48.84,5.3,92.76,mango
26.41,27.4,31.71,30.39,50.57,6.23,100.83,mango
24.65,24.12,30.38,28.91,49.61,6.12,98.21,mango
23.38,25.87,28.35,33.08,49.84,5.61,93.19,mango
24.62,23.21,31.32,30.61,53.19,6.48,90.54,mango
25.42,22.4,29.35,36.01,49.38,5.93,97.71,mango
19.0,21.58,27.59,29.51,44.3,6.02,105.27,mango
25.89,19.33,28.71,30.47,47.96,6.18,99.05,mango
18.07,27.9,33.05,35.78,55.73,5.3,109.12,mango
22.87,22.63,30.65,30.19,50.8,5.09,93.81,mango
32.71,24.77,30.28,32.57,52.34,4.92,97.92,mango
23.39,25.67,32.12,28.81,47.97,4.78,92.25,mango
32.98,24.52,27.32,30.41,47.02,5.19,96.94,mango
17.96,29.45,29.86,31.69,49.44,6.14,98.92,mango
27.01,27.26,29.58,32.72,49.32,5.75,93.63,mango
22.26,22.24,30.94,34.45,52.34,5.12,101.45,mango
23.09,27.4,28.19,31.82,50.63,5.01,98.04,mango
33.08,24.3,32.72,31.07,51.7,4.64,107.09,mango
33.97,23.86,26.06,32.15,47.11,5.97,97.06,mango
19.35,29.48,31.61,33.7,50.02,5.04,99.89,mango
23.38,19.44,32.7,36.22,49.92,6.83,95.46,mango
22.72,22.48,33.27,29.74,51.47,5.47,92.7,mango
31.18,23.48,29.19,34.05,53.19,6.07,91.73,mango
21.94,25.32,30.64,29.28,51.45,5.79,86.42,mango
19.43,22.98,29.85,35.75,50.48,5.33,96.1,mango
22.89,26.3,31.16,34.22,49.95,6.57,99.54,mango
20.76,33.84,30.65,29.62,53.31,6.79,94.83,mango
21.98,24.31,31.43,34.38,51.14,5.8,102.49,mango
23.12,29.12,29.42,32.47,49.77,5.72,93.11,mango
33.07,22.07,28.52,36.27,51.96,4.56,92.17,mango
14.13,21.2,23.72,31.19,47.72,5.78,86.87,mango
25.5,23.34,33.0,34.68,51.57,5.59,104.93,mango
15.68,19.39,29.83,36.57,49.6,5.66,87.79,mango
30.68,28.81,31.58,30.08,48.59,5.1,95.42,mango
18.52,20.29,29.15,30.4,48.92,5.98,95.4,mango
23.27,25.73,28.02,31.74,50.3,5.0,99.98,mango
19.71,25.36,32.33,33.58,50.07,5.57,99.74,mango
29.05,22.53,28.41,26.84,50.31,5.71,100.68,mango
27.15,30.34,28.61,34.06,48.94,6.14,87.71,mango
26.41,17.06,29.47,32.49,48.96,5.22,99.23,mango
24.38,23.04,30.08,37.43,52.31,6.33,97.18,mango
26.0,15.42,28.64,30.42,46.25,5.17,85.1,mango
24.77,28.28,32.21,32.43,48.07,4.78,86.22,mango
17.39,21.44,29.68,29.22,50.68,5.63,95.05,mango
31.84,20.28,30.84,31.47,49.33,6.19,99.4,mango
19.32,24.27,30.56,30.89,51.17,5.89,104.16,mango
15.82,24.51,28.18,32.86,46.77,5.92,91.85,mango
20.6,19.21,29.07,33.94,49.95,6.06,103.32,mango
26.58,22.76,30.93,30.28,48.99,4.99,99.63,mango
22.68,25.73,27.93,32.48,48.48,5.68,99.39,mango
29.74,24.91,26.46,38.23,53.49,6.11,91.23,mango
24.32,22.83,32.53,32.09,48.43,5.51,100.61,mango
34.6,31.11,31.51,30.93,43.52,5.9,94.99,mango
25.84,25.22,27.35,32.75,51.26,6.09,99.73,mango
28.62,23.36,29.86,31.71,50.22,6.25,98.22,mango
37.46,33.83,30.16,22.87,52.47,5.48,90.99,mango
22.61,23.21,31.22,27.99,47.84,5.92,98.11,mango
28.85,21.85,28.04,30.36,50.48,6.49,84.76,mango
23.68,19.67,26.7,33.68,51.09,5.97,99.61,mango
22.12,23.27,34.37,30.95,51.47,5.75,85.76,mango
12.73,22.68,32.11,33.27,51.83,5.26,103.08,mango
19.21,25.85,29.98,31.11,52.68,5.4,88.25,mango
25.12,23.4,36.75,33.02,49.18,5.22,85.6,mango
18.85,25.46,32.85,34.02,50.46,5.59,96.34,mango
21.89,31.87,29.62,31.31,45.57,5.65,99.18,mango
18.59,22.0,31.59,28.18,52.12,5.48,93.06,mango
18.26,26.51,34.92,33.26,48.27,6.32,93.42,mango
33.25,28.23,24.11,29.24,51.89,5.83,89.88,mango
21.2,17.38,29.82,36.47,51.61,6.85,99.41,mango
31.16,32.9,30.75,31.08,52.07,6.48,92.6,mango
20.67,25.56,31.66,33.3,47.15,6.71,91.79,mango
23.41,21.39,35.4,32.04,48.3,6.18,98.85,mango
23.87,28.36,28.35,30.39,45.98,5.09,104.04,mango
34.85,25.26,33.33,31.14,49.51,5.78,94.38,mango
23.71,29.57,30.3,33.1,52.06,5.94,90.15,mango
16.88,25.6,29.66,31.7,49.97,7.04,88.35,mango
13.06,26.33,29.25,32.21,51.17,6.39,87.46,mango
21.66,26.72,31.54,36.44,51.91,5.72,90.55,mango
21.61,22.63,31.31,32.08,47.35,5.53,99.39,mango
27.11,27.27,30.77,35.16,50.47,5.56,90.42,mango
26.5,15.24,29.63,31.04,47.27,5.29,99.05,mango
26.38,25.41,30.61,31.71,52.49,5.81,87.71,mango
34.78,26.48,28.82,28.68,50.79,5.69,102.87,mango
22.92,21.65,31.79,33.58,50.34,6.09,94.81,mango
28.67,138.32,201.25,23.56,83.85,5.53,75.13,grapes
18.97,129.36,199.92,23.75,83.51,5.79,70.65,grapes
24.61,133.98,199.87,25.79,81.95,5.9,70.72,grapes
32.22,129.51,198.26,30.21,82.47,6.17,67.74,grapes
18.6,129.83,198.47,24.33,81.86,6.15,69.28,grapes
28.25,133.29,200.39,24.79,83.01,5.84,73.5,grapes
26.32,125.94,200.38,17.76,83.17,6.44,68.03,grapes
29.16,123.72,200.91,17.47,81.88,5.78,71.83,grapes
32.54,132.62,198.27,38.51,81.75,5.57,71.15,grapes
21.98,137.44,199.24,30.13,83.9,5.76,68.59,grapes
27.12,140.19,198.68,19.95,82.98,5.88,70.38,grapes
19.74,143.57,197.3,22.27,82.47,6.38,66.69,grapes
37.42,136.29,200.83,16.63,83.07,5.86,73.17,grapes
22.64,131.93,198.89,16.61,83.24,6.11,73.02,grapes
18.6,137.82,205.01,21.16,84.4,5.95,66.57,grapes
25.97,137.74,198.32,19.9,83.09,6.0,71.46,grapes
28.69,134.9,199.14,26.97,81.57,6.26,68.41,grapes
33.14,131.33,200.4,20.79,81.48,5.65,67.36,grapes
25.88,133.56,202.02,21.21,81.62,5.71,71.2,grapes
34.42,138.83,201.42,30.43,84.2,6.07,71.62,grapes
25.9,125.69,198.63,24.92,82.56,6.39,70.2,grapes
33.39,130.32,199.38,13.7,81.76,6.11,70.02,grapes
32.21,133.41,199.3,43.26,82.41,6.23,69.0,grapes
31.05,137.14,200.42,5.0,82.52,6.25,71.32,grapes
29.73,123.89,198.56,28.5,82.91,6.24,69.64,grapes
29.53,132.58,198.03,5.83,82.93,6.03,68.45,grapes
19.4,135.65,199.47,29.73,84.36,5.57,68.25,grapes
26.45,139.77,196.73,41.45,82.64,5.98,69.5,grapes
25.32,137.74,197.86,27.94,82.12,5.85,76.46,grapes
29.6,135.57,202.28,12.92,84.25,5.5,68.08,grapes
25.2,135.41,200.44,23.58,82.49,5.8,66.26,grapes
31.13,135.97,203.17,18.28,83.19,5.94,72.98,grapes
32.61,133.56,199.32,33.17,83.15,5.86,66.68,grapes
26.06,140.08,202.29,15.55,81.33,6.25,67.16,grapes
30.05,129.42,203.23,18.45,83.64,6.04,70.63,grapes
17.65,121.49,199.56,27.1,81.37,5.78,71.4,grapes
30.31,131.81,201.56,15.02,82.14,6.33,70.17,grapes
28.13,144.03,197.2,31.77,84.16,5.94,72.15,grapes
22.59,129.07,200.77,31.79,83.62,6.31,69.83,grapes
33.47,130.79,201.8,26.76,82.95,6.08,65.99,grapes
21.88,133.01,196.63,32.07,83.37,6.07,67.2,grapes
34.4,142.69,200.29,29.34,82.7,6.11,69.7,grapes
27.33,137.03,204.69,13.1,82.4,5.76,73.98,grapes
24.56,125.28,201.28,39.83,83.16,6.04,71.02,grapes
34.57,128.13,199.78,21.15,81.33,5.93,72.77,grapes
30.33,135.72,200.29,29.45,81.7,5.94,70.48,grapes
28.89,134.1,199.72,21.79,85.66,6.18,71.03,grapes
26.33,130.24,199.74,27.49,80.62,5.69,68.41,grapes
28.54,131.3,202.96,12.4,81.75,6.3,70.33,grapes
31.92,142.76,198.61,24.16,82.23,5.61,69.22,grapes
31.91,135.2,201.24,21.81,81.84,6.25,68.76,grapes
28.97,133.32,202.92,33.26,81.2,5.76,71.45,grapes
27.18,130.22,202.03,26.59,82.55,6.16,69.06,grapes
35.34,128.56,201.31,37.19,81.12,5.93,72.86,grapes
33.29,131.64,198.53,33.13,83.68,5.77,66.99,grapes
28.63,135.65,199.4,30.77,81.79,5.58,68.94,grapes
27.82,131.12,197.68,9.57,81.99,6.18,73.14,grapes
33.44,128.42,197.69,29.22,83.14,6.08,64.96,grapes
23.17,132.35,200.97,31.52,82.64,6.07,70.21,grapes
30.93,134.06,200.13,22.72,82.58,6.1,70.67,grapes
29.4,139.21,200.53,19.48,83.38,5.73,67.3,grapes
29.18,135.08,197.51,21.75,81.89,5.9,72.36,grapes
31.03,132.4,198.91,13.53,83.92,6.12,68.23,grapes
31.1,132.15,199.43,28.7,81.76,5.93,70.3,grapes
25.0,135.85,203.74,18.59,80.83,5.6,69.62,grapes
24.18,133.54,200.27,11.37,80.69,6.06,70.34,grapes
25.37,124.21,200.94,35.81,82.78,5.83,70.11,grapes
20.67,137.79,200.16,9.97,82.2,6.09,69.17,grapes
26.12,126.38,201.13,19.49,80.34,5.93,72.45,grapes
25.57,141.19,200.86,27.88,82.37,5.99,69.34,grapes
25.99,135.15,198.13,15.85,81.38,6.41,71.33,grapes
29.02,127.21,201.25,24.01,82.71,5.8,70.4,grapes
25.38,128.67,201.47,11.93,83.06,6.14,67.8,grapes
23.4,131.38,200.56,23.7,82.93,6.35,68.73,grapes
18.92,136.63,203.37,28.34,81.41,5.98,67.2,grapes
30.71,125.74,199.4,16.46,82.63,5.93,70.44,grapes
27.61,127.57,201.25,24.59,81.51,6.45,71.19,grapes
26.73,139.58,203.68,23.76,82.85,5.8,69.63,grapes
26.5,133.42,200.67,29.76,82.74,5.76,67.65,grapes
24.77,131.09,202.1,15.12,82.14,6.19,69.25,grapes
29.8,131.8,200.51,23.06,83.17,5.69,69.09,grapes
28.98,135.17,202.99,21.68,83.98,5.87,73.32,grapes
31.59,127.93,200.61,24.56,83.13,5.96,69.23,grapes
34.35,132.01,201.65,23.08,84.17,5.86,68.46,grapes
35.12,130.28,203.2,32.58,82.35,5.64,69.95,grapes
28.01,138.34,203.18,19.18,83.3,6.15,72.68,grapes
29.99,122.79,199.69,15.18,82.3,6.2,70.76,grapes
33.24,134.21,197.4,5.0,82.65,5.96,67.56,grapes
19.0,128.83,199.61,30.66,82.69,6.32,67.41,grapes
31.91,132.74,201.39,21.29,83.57,6.06,68.3,grapes
27.44,131.3,200.98,14.97,82.47,6.08,70.08,grapes
34.23,136.37,199.99,26.84,82.8,6.08,65.44,grapes
25.99,125.08,202.56,24.48,82.31,6.18,71.06,grapes
21.86,132.15,199.33,10.17,81.81,5.96,69.71,grapes
20.09,138.26,199.8,25.32,82.9,5.84,71.14,grapes
25.66,128.02,201.15,37.68,83.22,6.18,68.7,grapes
19.51,139.95,204.11,38.11,82.16,5.77,67.34,grapes
19.08,131.96,203.21,23.8,82.8,6.28,68.99,grapes
37.68,142.46,199.74,20.09,83.2,5.93,67.11,grapes
33.91,138.58,200.31,14.27,81.27,6.02,68.75,grapes
97.27,22.61,51.47,26.53,83.02,6.43,53.79,watermelon
103.58,25.16,50.84,26.89,86.08,6.71,48.38,watermelon
100.11,22.05,53.23,26.05,84.83,6.78,39.04,watermelon
88.62,20.91,50.03,25.95,85.13,6.61,45.93,watermelon
104.56,22.47,52.44,27.01,85.49,6.55,42.38,watermelon
95.75,16.53,52.1,25.04,86.59,6.5,49.11,watermelon
101.99,15.54,49.14,24.22,84.5,6.4,47.42,watermelon
103.33,20.79,50.46,26.25,86.15,6.44,47.69,watermelon
102.5,20.37,52.8,26.39,83.92,6.48,53.36,watermelon
108.54,22.19,49.87,24.56,83.0,6.55,51.71,watermelon
91.21,17.72,51.26,24.64,87.21,6.42,56.29,watermelon
95.73,12.37,49.08,25.43,84.22,6.46,51.67,watermelon
98.63,17.17,46.58,25.79,84.82,6.82,45.3,watermelon
85.53,20.59,50.69,24.74,81.94,6.81,57.07,watermelon
80.1,15.21,53.33,25.14,84.02,6.44,44.4,watermelon
86.36,22.76,46.31,25.69,86.77,6.21,45.38,watermelon
109.71,20.16,48.77,26.4,87.41,6.55,45.5,watermelon
96.69,18.93,49.62,26.2,81.94,6.2,50.9,watermelon
96.07,14.36,46.46,25.51,84.89,6.63,50.34,watermelon
98.94,23.39,47.38,25.9,81.66,6.33,43.94,watermelon
106.26,17.17,49.97,24.67,84.4,6.35,51.92,watermelon
92.07,24.15,46.65,24.9,88.35,6.41,43.43,watermelon
101.75,15.12,48.33,24.68,90.54,6.45,40.37,watermelon
111.95,20.56,48.47,24.8,86.35,6.45,40.37,watermelon
114.3,15.33,52.99,26.46,83.0,6.71,46.74,watermelon
85.07,15.38,50.8,25.15,84.39,6.73,50.53,watermelon
93.25,21.01,50.4,23.61,85.86,6.58,50.1,watermelon
107.13,14.14,50.67,24.32,85.81,6.89,45.03,watermelon
93.92,13.95,50.26,24.7,85.84,6.67,52.67,watermelon
85.85,22.48,51.87,26.12,85.75,6.54,55.16,watermelon
115.39,12.73,52.16,25.44,84.74,6.19,48.58,watermelon
92.02,15.18,47.8,25.16,84.19,6.52,41.93,watermelon
88.44,19.31,48.41,26.31,85.45,6.62,57.05,watermelon
97.52,14.63,51.74,25.88,84.63,6.78,48.94,watermelon
100.26,17.61,48.13,25.56,87.79,6.59,50.16,watermelon
98.71,19.15,51.5,25.96,84.34,6.56,52.4,watermelon
91.94,18.34,45.68,25.86,86.32,6.65,48.02,watermelon
102.47,24.62,52.83,25.48,85.28,6.72,42.5,watermelon
97.42,24.18,51.95,25.78,81.99,6.49,47.05,watermelon
102.65,13.45,47.95,23.95,87.44,6.42,50.79,watermelon
99.98,12.16,47.48,24.75,83.55,6.57,46.02,watermelon
113.97,22.64,51.62,25.41,88.03,6.46,49.84,watermelon
101.36,21.01,51.27,25.14,83.93,6.63,53.58,watermelon
96.85,9.56,49.59,25.97,88.61,6.26,47.87,watermelon
96.88,24.28,49.93,24.82,86.12,6.42,43.88,watermelon
92.86,26.17,50.77,25.58,84.5,6.56,51.4,watermelon
102.34,18.07,51.74,25.52,83.04,6.38,40.1,watermelon
116.21,21.81,48.34,25.29,83.73,6.81,42.9,watermelon
100.92,16.96,51.65,25.42,81.48,6.45,45.14,watermelon
100.64,24.67,46.52,24.9,83.89,6.42,53.7,watermelon
98.61,19.58,48.75,25.67,86.56,6.35,53.91,watermelon
100.42,22.73,49.6,25.79,84.92,6.48,51.29,watermelon
104.29,11.25,52.87,24.11,83.63,6.48,52.06,watermelon
112.61,8.21,48.98,23.9,85.06,6.55,57.95,watermelon
100.97,22.72,51.17,25.17,82.18,6.56,42.54,watermelon
110.36,16.69,52.39,25.14,85.54,6.54,49.77,watermelon
96.54,19.46,48.15,24.59,87.49,6.65,50.33,watermelon
113.32,16.16,52.65,25.63,82.95,6.87,54.95,watermelon
99.03,21.14,49.19,26.12,80.22,6.3,54.9,watermelon
98.0,18.54,47.31,26.89,87.38,6.46,47.98,watermelon
108.24,27.41,51.91,27.13,83.16,6.34,44.06,watermelon
103.53,18.38,49.7,26.11,87.46,6.19,47.02,watermelon
106.56,15.16,48.4,26.26,82.42,6.44,51.64,watermelon
95.41,21.42,48.86,26.56,84.75,6.63,53.73,watermelon
94.98,7.23,50.72,25.55,86.11,6.45,47.85,watermelon
116.07,10.14,51.47,25.07,84.33,6.44,45.98,watermelon
104.57,24.45,50.94,25.58,83.03,6.6,60.78,watermelon
96.95,15.62,48.88,25.13,79.51,6.58,45.77,watermelon
87.12,21.27,47.84,25.25,87.93,6.22,42.34,watermelon
102.15,23.25,46.85,25.81,86.16,6.09,53.99,watermelon
107.01,15.94,52.5,26.35,85.21,6.41,45.14,watermelon
99.7,20.35,49.35,23.85,87.54,6.54,48.1,watermelon
106.86,25.12,44.4,25.83,82.15,6.6,50.64,watermelon
105.09,15.0,46.25,25.16,85.81,6.7,44.14,watermelon
108.22,14.26,50.72,25.12,85.36,6.68,43.86,watermelon
94.56,18.42,54.8,24.85,89.08,6.9,49.51,watermelon
97.61,14.04,49.86,24.44,84.85,6.8,46.94,watermelon
98.07,8.99,50.75,25.7,85.13,6.46,48.54,watermelon
104.02,17.36,50.63,25.66,87.25,6.64,50.96,watermelon
112.15,19.6,52.61,25.96,81.32,6.76,50.68,watermelon
99.58,18.91,49.31,25.67,83.82,6.75,49.43,watermelon
96.94,12.88,50.54,25.64,85.78,6.29,41.99,watermelon
105.0,24.92,47.95,26.69,85.57,6.5,48.01,watermelon
88.92,22.44,48.45,24.92,86.98,6.12,42.38,watermelon
99.85,18.97,50.97,25.27,90.06,6.45,48.85,watermelon
93.62,18.12,51.23,26.4,82.02,6.45,52.23,watermelon
104.7,17.53,51.08,24.89,88.12,6.7,43.28,watermelon
91.4,12.27,51.36,24.54,84.34,6.59,49.67,watermelon
102.07,12.17,51.19,25.04,84.35,6.55,50.52,watermelon
100.19,13.75,49.4,25.5,82.25,6.41,51.94,watermelon
89.78,23.28,52.54,24.57,87.72,6.47,52.09,watermelon
96.03,22.12,50.81,24.89,82.67,6.21,50.94,watermelon
104.58,20.75,49.76,24.63,83.64,6.73,47.58,watermelon
101.15,12.12,50.67,25.16,87.09,6.65,47.52,watermelon
98.99,14.74,47.16,24.86,85.4,6.57,50.74,watermelon
97.59,22.17,50.13,26.03,81.45,5.72,51.42,watermelon
88.6,16.44,49.4,26.69,85.8,6.53,54.18,watermelon
102.95,15.21,52.14,24.67,85.65,6.19,51.02,watermelon
101.54,25.88,46.87,25.05,86.65,6.57,50.9,watermelon
92.35,14.55,52.49,25.46,85.75,6.48,44.08,watermelon
107.47,20.02,54.61,27.74,93.32,6.19,25.39,muskmelon
107.81,7.14,49.59,28.08,91.8,6.46,27.8,muskmelon
98.93,18.53,50.23,28.5,91.41,6.58,25.74,muskmelon
103.16,13.47,49.08,28.37,90.97,6.13,23.5,muskmelon
104.18,14.23,47.96,27.89,92.04,6.34,30.41,muskmelon
108.44,22.62,52.34,27.75,91.28,6.22,28.34,muskmelon
95.62,11.24,49.14,28.32,92.77,6.44,22.93,muskmelon
105.49,14.3,49.69,29.02,91.86,6.31,26.48,muskmelon
93.14,15.58,51.11,30.04,93.11,6.48,26.33,muskmelon
91.41,18.08,49.94,28.74,92.62,6.46,24.22,muskmelon
100.47,11.36,49.36,29.54,92.82,6.4,29.74,muskmelon
89.11,11.95,53.43,28.53,92.26,6.21,26.12,muskmelon
104.36,12.03,49.72,28.25,92.76,6.22,28.13,muskmelon
107.33,15.68,49.57,28.4,91.72,6.33,24.32,muskmelon
112.9,22.23,51.87,28.78,91.38,6.39,27.43,muskmelon
89.93,20.68,54.65,29.3,93.91,6.43,27.42,muskmelon
94.26,21.48,51.31,28.72,93.82,6.31,24.53,muskmelon
100.76,12.35,50.45,27.21,93.55,6.41,23.7,muskmelon
93.33,16.33,51.38,28.91,91.79,6.26,26.64,muskmelon
94.22,17.8,50.25,28.73,93.36,6.2,20.22,muskmelon
95.46,26.51,54.04,29.87,92.31,6.11,19.14,muskmelon
95.09,16.51,52.6,29.15,92.73,6.26,22.6,muskmelon
102.03,20.99,50.78,27.72,93.15,6.47,22.32,muskmelon
93.73,20.94,49.53,29.69,93.0,6.32,24.97,muskmelon
100.51,13.86,48.17,29.03,93.35,6.5,28.79,muskmelon
95.67,25.87,48.2,27.74,90.74,6.33,23.74,muskmelon
104.21,18.72,47.61,28.21,92.13,6.12,22.55,muskmelon
93.83,24.67,50.38,29.0,91.0,6.59,28.25,muskmelon
84.01,13.97,50.99,28.98,91.82,6.35,23.51,muskmelon
100.88,23.49,48.46,29.25,91.72,6.26,27.05,muskmelon
107.38,21.76,47.37,28.15,93.32,6.41,22.32,muskmelon
103.67,13.93,53.59,29.66,93.1,6.62,25.16,muskmelon
106.12,24.89,50.49,28.31,90.8,6.39,27.06,muskmelon
107.57,20.02,48.92,27.02,92.0,6.35,24.22,muskmelon
104.95,27.43,50.25,28.34,92.24,6.42,22.93,muskmelon
100.96,19.75,50.42,28.84,92.93,6.12,26.59,muskmelon
94.63,12.02,47.79,28.83,92.28,6.13,26.2,muskmelon
88.48,18.2,50.48,29.16,94.28,6.18,24.87,muskmelon
97.79,19.67,50.43,28.24,92.06,6.22,27.47,muskmelon
103.67,22.09,49.38,28.01,91.42,6.46,22.4,muskmelon
114.79,10.96,50.55,29.68,93.1,6.43,22.58,muskmelon
88.95,21.35,53.01,28.17,91.36,6.01,22.55,muskmelon
99.09,25.5,51.35,28.73,92.1,6.31,28.51,muskmelon
101.61,6.99,48.65,27.86,91.95,6.49,24.73,muskmelon
99.39,24.07,48.61,29.9,91.83,6.41,24.3,muskmelon
100.99,19.72,50.87,27.94,91.38,6.8,23.79,muskmelon
105.59,9.46,49.44,28.4,92.97,5.96,25.42,muskmelon
90.8,19.12,47.93,27.86,92.23,6.23,23.81,muskmelon
90.45,8.33,52.04,27.53,92.32,6.52,23.46,muskmelon
93.4,18.63,52.24,27.62,92.35,6.12,24.02,muskmelon
100.27,13.23,49.09,27.44,92.58,6.57,22.26,muskmelon
95.02,20.01,52.42,27.38,92.33,6.45,24.74,muskmelon
80.19,20.01,53.04,28.59,91.47,6.32,29.42,muskmelon
107.28,20.7,50.71,28.0,92.3,6.39,26.37,muskmelon
112.07,23.09,47.16,28.67,93.24,6.5,23.43,muskmelon
123.31,11.11,47.83,28.68,94.62,6.27,24.34,muskmelon
108.62,17.41,49.33,28.92,92.77,6.56,28.23,muskmelon
102.46,18.96,50.43,28.87,92.56,6.4,27.99,muskmelon
112.13,9.96,50.02,27.98,92.19,6.46,26.67,muskmelon
99.1,7.93,48.07,29.17,89.76,6.59,26.3,muskmelon
110.53,16.51,45.88,28.82,93.77,6.55,23.34,muskmelon
100.69,14.84,48.36,29.22,91.3,6.26,22.24,muskmelon
88.08,18.23,52.32,28.36,90.99,6.53,29.21,muskmelon
94.83,15.11,51.03,29.72,91.98,6.19,26.58,muskmelon
106.39,17.53,48.88,29.25,93.03,6.28,25.12,muskmelon
89.19,20.93,49.48,28.17,92.47,6.41,27.24,muskmelon
104.73,16.72,51.53,28.8,92.07,6.38,24.63,muskmelon
104.04,15.66,49.22,29.98,93.44,6.28,26.43,muskmelon
100.95,19.46,50.27,29.39,92.85,6.39,27.61,muskmelon
101.87,18.11,50.63,28.43,92.51,6.31,23.12,muskmelon
92.01,10.54,48.24,28.37,92.6,6.36,19.11,muskmelon
112.6,22.93,50.89,29.93,91.52,6.7,22.59,muskmelon
101.91,11.13,50.03,28.79,92.35,6.51,25.25,muskmelon
95.82,14.67,51.62,28.01,93.42,6.6,20.83,muskmelon
109.06,27.8,50.5,28.95,93.54,6.36,25.46,muskmelon
89.49,18.19,51.0,28.89,93.57,6.28,23.67,muskmelon
115.16,16.75,50.4,28.45,91.68,6.66,23.68,muskmelon
90.98,15.25,46.0,28.01,91.53,6.5,23.32,muskmelon
107.1,24.49,51.56,28.34,92.64,6.16,24.67,muskmelon
93.12,20.97,55.15,28.87,90.51,6.34,25.31,muskmelon
100.7,13.85,50.49,27.57,91.56,6.5,22.46,muskmelon
104.31,10.65,53.53,27.92,92.28,6.45,23.59,muskmelon
101.15,20.38,51.92,29.09,92.33,6.38,30.87,muskmelon
107.6,12.89,50.2,28.25,92.36,6.2,23.97,muskmelon
114.49,20.4,45.02,29.41,93.59,6.34,26.79,muskmelon
93.12,15.15,53.0,28.3,90.63,6.39,24.8,muskmelon
109.59,17.57,49.16,29.28,92.62,6.28,27.89,muskmelon
101.55,17.51,50.36,27.7,91.97,6.4,24.51,muskmelon
110.18,18.59,51.71,28.51,93.56,6.46,25.03,muskmelon
99.89,12.73,51.01,28.47,92.0,6.58,21.87,muskmelon
96.62,22.64,50.63,28.46,92.75,6.43,21.21,muskmelon
97.21,25.58,48.68,28.26,91.96,6.39,23.54,muskmelon
103.89,18.49,51.55,27.71,92.16,6.36,26.14,muskmelon
93.65,22.08,52.37,27.76,92.01,6.31,31.58,muskmelon
96.56,25.89,47.47,27.76,91.81,6.26,24.33,muskmelon
94.33,13.4,52.32,29.42,93.45,6.48,25.23,muskmelon
96.02,12.73,50.73,27.62,91.51,6.58,29.75,muskmelon
103.15,23.03,49.51,27.5,93.11,6.49,25.18,muskmelon
98.06,22.31,48.03,27.92,91.49,6.41,22.28,muskmelon
94.53,13.97,49.48,27.38,92.59,6.6,25.34,muskmelon
35.21,139.17,201.56,22.56,92.52,6.15,110.05,apple
18.09,134.96,197.74,21.78,92.5,5.98,103.67,apple
28.33,137.33,197.74,23.45,90.94,6.42,109.93,apple
28.23,123.04,199.88,22.67,92.41,5.89,106.58,apple
33.15,132.65,203.08,22.11,92.07,6.16,102.36,apple
21.43,137.99,197.66,21.14,94.37,5.72,113.65,apple
27.85,118.45,199.47,22.84,92.85,6.18,110.08,apple
31.06,129.05,197.18,21.53,91.04,6.2,103.03,apple
28.87,131.17,199.79,23.52,92.06,6.12,112.73,apple
26.74,144.0,197.12,23.47,93.16,5.9,122.68,apple
18.26,129.89,197.58,22.81,91.39,6.09,111.33,apple
25.1,134.44,199.46,21.68,95.3,5.9,98.64,apple
23.29,126.16,201.65,22.74,92.9,5.93,110.75,apple
25.65,132.09,201.67,22.75,93.0,6.1,118.03,apple
28.94,134.29,202.38,22.0,91.64,5.76,113.64,apple
18.23,134.81,199.78,23.35,91.83,5.96,119.51,apple
34.42,129.1,200.36,22.72,92.87,5.95,120.51,apple
18.05,130.39,200.9,22.84,93.85,6.24,110.72,apple
34.0,128.93,201.86,23.86,93.71,6.02,110.43,apple
19.86,134.05,197.77,21.91,91.31,5.91,112.33,apple
28.87,129.5,202.14,22.34,91.71,6.05,124.77,apple
29.18,130.69,196.95,22.34,92.73,5.92,102.09,apple
23.25,139.77,202.87,21.84,93.17,5.76,121.28,apple
28.73,137.25,196.57,23.01,92.49,6.17,118.22,apple
27.83,129.5,201.56,22.45,91.63,5.82,103.27,apple
24.95,138.01,200.36,22.1,93.3,5.83,113.1,apple
26.6,136.4,196.85,21.86,90.86,5.95,120.07,apple
24.97,129.95,201.74,23.3,92.41,6.14,105.77,apple
34.39,143.24,201.04,20.94,91.94,6.12,109.87,apple
33.86,135.44,198.59,22.52,91.61,5.96,109.03,apple
33.37,143.08,197.14,21.06,92.25,5.7,112.79,apple
31.24,139.97,200.4,22.36,90.52,6.01,112.95,apple
30.69,128.96,199.13,21.39,90.21,5.78,102.69,apple
29.18,129.91,198.92,21.76,89.27,6.3,106.25,apple
25.44,125.23,201.94,22.61,91.67,5.92,122.99,apple
27.14,131.59,198.12,21.08,92.34,6.07,119.37,apple
16.26,126.87,198.84,22.5,92.35,5.98,115.05,apple
22.98,137.17,200.87,22.26,94.1,6.31,118.33,apple
12.41,140.39,201.59,24.0,93.74,6.32,117.99,apple
34.24,142.47,200.43,21.32,92.19,6.08,112.97,apple
21.27,124.34,198.52,23.11,94.08,6.18,119.11,apple
27.1,123.79,199.09,22.31,92.0,6.01,115.26,apple
31.77,131.11,196.19,22.14,92.54,6.24,108.95,apple
30.06,133.95,200.09,23.2,91.84,5.88,112.43,apple
24.3,135.04,198.57,22.67,92.4,6.04,109.63,apple
25.8,132.98,200.4,22.5,94.21,5.8,112.1,apple
19.63,134.36,197.77,22.29,92.13,6.06,109.05,apple
24.52,139.68,200.57,22.08,92.25,6.33,111.03,apple
24.05,129.08,198.9,22.05,91.22,5.78,107.32,apple
30.46,130.59,199.59,23.45,93.8,5.94,108.56,apple
23.18,135.96,199.59,22.21,91.69,5.85,114.5,apple
20.92,137.47,198.93,22.39,91.16,6.0,110.45,apple
27.25,139.86,200.36,21.9,91.79,6.12,120.62,apple
28.91,135.94,201.22,23.56,90.55,6.13,118.65,apple
20.81,128.07,198.3,21.95,92.02,6.05,117.91,apple
32.91,128.31,198.31,23.49,93.15,6.02,115.46,apple
27.35,135.12,199.33,22.7,90.99,5.86,108.27,apple
25.63,127.87,198.93,21.36,93.05,5.98,101.84,apple
23.33,134.18,198.91,21.98,92.43,6.07,103.52,apple
30.25,128.5,199.96,22.47,91.97,5.8,110.71,apple
35.63,125.69,203.38,22.31,92.54,5.78,107.68,apple
24.99,127.27,199.58,22.19,94.35,5.77,113.14,apple
28.74,127.15,201.37,22.2,90.01,6.13,105.52,apple
22.26,135.94,199.31,23.19,93.71,5.87,117.46,apple
23.72,143.67,198.61,23.27,93.34,6.06,108.31,apple
26.74,121.73,200.45,22.76,92.63,5.41,104.59,apple
23.76,133.96,200.58,22.37,93.14,5.79,116.31,apple
29.87,134.39,199.64,23.87,92.99,5.81,114.05,apple
31.26,129.56,202.18,22.79,90.16,6.06,109.96,apple
30.19,137.22,200.39,23.75,92.32,6.12,117.53,apple
27.01,136.39,198.81,22.18,91.19,6.05,114.53,apple
33.4,136.46,199.43,21.62,92.93,6.22,117.22,apple
32.92,131.44,199.07,21.95,92.44,5.98,113.79,apple
26.85,131.83,198.45,23.21,92.58,5.97,107.83,apple
20.84,139.04,201.11,21.28,93.26,6.18,113.28,apple
35.49,133.58,197.17,22.77,92.74,5.88,116.08,apple
19.16,137.45,198.24,21.76,92.39,6.09,113.52,apple
23.79,129.97,197.73,22.33,93.58,6.0,117.87,apple
34.78,129.56,199.63,24.13,93.94,5.67,114.92,apple
27.5,136.63,198.51,21.87,91.82,5.89,117.6,apple
21.59,129.39,196.42,23.26,93.77,5.93,110.64,apple
29.77,139.87,200.82,21.98,90.88,5.78,112.96,apple
24.22,133.47,198.89,21.71,91.32,6.31,118.06,apple
36.15,135.2,199.14,23.49,92.47,6.04,112.23,apple
12.77,140.52,200.98,22.75,92.44,6.03,108.77,apple
30.58,125.96,200.37,22.92,92.3,6.07,106.3,apple
22.67,133.68,201.36,21.09,93.02,5.89,111.29,apple
20.8,128.24,201.93,22.52,92.12,5.98,115.56,apple
29.7,132.12,202.19,23.23,92.91,6.01,116.61,apple
29.07,137.8,201.8,21.74,91.41,5.86,118.6,apple
19.62,134.47,200.73,23.37,92.68,5.73,106.5,apple
21.59,129.81,199.63,21.63,93.97,5.73,120.91,apple
33.43,136.99,198.61,22.76,91.22,6.18,112.04,apple
25.45,126.38,195.04,21.72,93.61,5.92,111.44,apple
30.78,141.53,202.65,21.77,90.56,6.47,126.68,apple
28.44,126.15,201.93,22.42,92.39,6.18,114.59,apple
21.57,130.88,201.32,22.88,92.76,6.19,110.24,apple
28.39,115.62,199.1,23.07,92.11,5.91,105.99,apple
32.52,135.24,201.65,21.21,92.34,5.94,110.75,apple
24.42,130.77,201.7,21.07,94.28,6.1,112.24,apple
30.44,10.24,8.67,21.74,93.87,6.98,112.25,orange
21.46,19.93,13.35,28.72,92.42,7.27,112.89,orange
28.04,23.06,12.21,21.71,93.14,6.85,105.38,orange
23.38,17.12,6.68,27.88,89.73,8.09,117.51,orange
23.43,17.55,10.61,18.82,92.69,6.94,109.53,orange
26.09,10.93,10.08,23.52,92.63,6.91,115.69,orange
22.88,18.64,12.59,22.0,92.71,6.96,116.19,orange
23.45,23.92,9.79,17.13,93.18,6.88,113.1,orange
8.62,17.53,9.08,15.85,91.95,6.77,109.76,orange
16.8,19.08,12.73,24.26,93.31,7.44,116.18,orange
36.22,15.0,8.56,27.4,93.21,7.31,119.45,orange
25.07,19.63,8.04,35.85,92.16,6.88,108.27,orange
21.13,13.85,8.95,13.96,91.71,7.78,113.68,orange
30.56,23.39,13.67,11.43,91.27,6.68,107.65,orange
23.2,15.27,10.44,22.72,91.78,6.13,105.04,orange
21.7,16.26,7.74,19.43,91.37,6.95,104.63,orange
19.91,10.96,9.69,17.08,93.41,7.16,109.65,orange
20.22,19.4,11.38,23.39,94.1,7.18,114.57,orange
25.8,20.88,8.41,19.64,92.85,7.14,112.54,orange
31.6,10.38,8.05,23.93,91.78,8.35,112.58,orange
24.53,14.92,9.04,22.69,92.61,6.82,108.63,orange
33.07,24.42,10.5,14.12,93.04,7.62,116.85,orange
29.41,24.61,10.11,26.43,91.82,7.12,116.65,orange
21.46,13.19,10.19,21.08,93.15,6.82,118.59,orange
17.26,23.77,8.47,11.28,92.74,6.9,104.45,orange
14.91,17.46,11.95,26.16,92.56,7.19,109.86,orange
16.42,10.4,9.59,21.5,93.35,7.3,113.03,orange
23.32,10.6,10.82,25.78,90.11,6.67,106.54,orange
25.71,13.48,9.92,21.18,92.34,6.71,106.81,orange
18.52,19.4,11.14,17.68,94.02,6.87,117.65,orange
21.15,7.37,10.8,24.05,92.53,6.74,109.83,orange
21.93,15.99,11.68,23.65,93.11,6.91,108.29,orange
18.08,15.65,3.36,18.81,92.42,7.23,108.66,orange
27.09,6.6,9.89,12.0,91.29,6.93,116.38,orange
27.23,17.59,9.96,18.04,91.96,7.17,103.07,orange
28.56,15.56,11.65,28.51,90.83,6.77,105.72,orange
14.12,12.34,14.88,26.31,94.42,7.33,106.29,orange
22.71,20.44,10.88,18.89,90.99,8.32,109.29,orange
23.05,18.07,9.51,23.27,93.79,6.95,104.19,orange
24.03,15.18,12.85,29.82,92.61,6.49,103.87,orange
25.09,19.18,9.25,19.5,91.91,6.99,98.09,orange
18.39,14.36,12.42,17.41,92.68,7.09,116.49,orange
32.58,17.21,9.05,18.35,92.26,6.83,112.77,orange
27.52,20.46,12.52,34.14,92.62,7.44,108.24,orange
32.11,22.81,12.02,23.09,91.83,6.44,109.8,orange
34.2,15.95,11.57,27.77,92.22,7.53,95.46,orange
17.66,12.92,8.36,24.6,92.79,7.16,112.98,orange
19.3,11.41,10.79,18.56,90.93,7.39,116.98,orange
34.34,18.44,11.25,31.06,91.86,7.44,111.38,orange
30.48,18.43,12.59,23.9,91.02,7.58,105.26,orange
32.52,17.05,12.35,29.59,92.93,7.2,112.11,orange
12.92,18.09,7.77,23.57,91.36,6.53,118.02,orange
31.42,17.48,10.37,20.95,93.07,6.73,114.97,orange
23.48,15.4,10.04,18.81,92.83,6.79,112.34,orange
32.3,13.9,9.74,25.38,92.06,7.19,112.78,orange
31.5,14.47,8.11,20.58,91.53,7.23,104.19,orange
39.0,23.98,10.03,27.92,90.86,8.01,107.05,orange
24.28,8.22,10.97,15.59,92.6,6.78,104.61,orange
20.17,18.63,7.44,17.82,93.16,8.04,112.39,orange
19.5,15.66,10.06,20.32,93.4,7.09,114.54,orange
23.11,24.13,9.67,16.43,94.68,6.27,106.31,orange
21.24,30.04,13.61,31.84,92.17,7.97,111.84,orange
30.86,18.4,9.9,20.93,92.29,7.24,111.84,orange
24.81,25.05,4.07,25.69,93.22,7.46,109.68,orange
26.25,22.43,12.98,20.62,92.77,7.67,99.38,orange
20.86,24.83,12.19,25.77,92.05,6.65,107.04,orange
34.29,14.36,10.2,17.79,93.34,6.78,109.51,orange
14.9,9.43,10.02,14.22,94.61,6.18,106.0,orange
25.1,15.67,7.79,16.51,91.51,6.89,119.76,orange
25.47,23.41,11.01,29.46,89.7,6.88,116.54,orange
21.57,26.31,12.97,19.57,92.0,6.59,106.85,orange
17.6,19.64,7.09,26.27,93.13,6.34,117.75,orange
28.08,21.25,8.48,26.39,93.63,6.96,120.01,orange
25.26,23.2,10.59,26.16,90.83,7.15,106.33,orange
19.92,26.22,9.57,16.23,92.14,6.48,117.17,orange
20.83,20.15,12.71,19.37,93.03,6.59,122.23,orange
30.62,16.54,8.45,21.79,92.16,7.78,103.87,orange
25.81,17.41,9.77,21.82,92.38,7.35,113.04,orange
27.51,2.33,10.6,12.15,93.15,7.59,105.37,orange
23.43,14.5,12.47,23.09,94.23,7.17,111.21,orange
25.41,21.59,6.52,23.03,92.43,7.29,109.06,orange
18.77,17.54,7.83,10.47,93.23,7.23,112.34,orange
32.82,14.17,7.14,22.06,92.15,6.66,109.6,orange
21.33,8.32,9.12,15.4,92.73,6.74,115.56,orange
34.62,20.9,6.9,31.91,94.08,7.01,116.61,orange
21.69,8.17,8.48,33.31,91.01,7.0,110.17,orange
21.92,15.28,10.14,18.99,91.08,7.09,115.37,orange
30.22,13.45,7.5,20.72,94.07,7.26,113.52,orange
30.34,19.6,10.24,26.64,91.95,6.43,113.61,orange
32.43,11.91,11.64,33.0,92.5,6.67,110.62,orange
21.7,14.42,10.87,12.48,91.06,7.01,109.89,orange
27.06,26.88,10.21,26.24,91.52,7.31,107.37,orange
25.43,16.96,12.07,14.31,90.22,6.91,112.34,orange
25.91,23.66,10.87,18.98,90.17,6.91,115.14,orange
22.65,17.64,10.84,16.15,93.12,7.65,109.14,orange
18.23,17.17,5.55,24.61,92.95,7.67,109.03,orange
27.45,13.19,9.29,12.97,92.31,6.88,111.5,orange
21.26,17.92,9.33,20.43,92.58,7.02,113.81,orange
24.28,15.75,9.64,18.03,92.14,7.81,105.44,orange
23.33,15.56,9.51,20.43,92.78,6.32,115.19,orange
55.06,51.29,45.46,28.37,92.26,7.01,173.52,papaya
35.54,54.05,49.89,34.83,91.19,6.74,107.32,papaya
41.17,58.8,51.55,37.92,93.07,6.7,182.51,papaya
52.47,58.17,48.78,30.89,92.57,6.99,160.82,papaya
45.11,53.34,49.02,44.93,92.1,6.84,125.26,papaya
52.09,61.46,48.86,30.13,94.16,6.85,186.51,papaya
56.3,59.8,54.04,33.73,93.08,6.6,101.69,papaya
40.39,63.87,44.89,31.39,89.51,6.67,119.23,papaya
61.08,59.48,48.33,39.1,92.52,6.75,81.86,papaya
42.08,53.37,50.09,33.91,94.04,6.79,15.0,papaya
52.1,50.25,48.07,29.24,91.84,6.61,155.68,papaya
38.71,59.28,54.47,26.52,92.22,6.5,129.2,papaya
55.14,61.1,50.15,38.17,95.05,6.92,117.57,papaya
38.39,55.47,48.11,35.87,91.32,6.74,189.0,papaya
49.19,52.77,52.35,23.64,92.17,6.75,145.84,papaya
51.44,60.55,49.93,31.57,92.09,6.69,186.35,papaya
44.83,61.73,50.04,30.76,93.12,6.68,178.5,papaya
51.7,54.52,51.06,36.37,93.66,6.85,170.79,papaya
40.98,69.74,47.19,38.48,92.93,6.63,138.47,papaya
49.37,64.03,48.57,32.12,90.16,6.92,88.8,papaya
52.62,56.99,49.8,37.75,94.17,6.78,179.39,papaya
52.63,62.59,49.07,39.15,93.61,6.86,110.34,papaya
48.65,58.7,47.26,41.87,92.49,6.78,114.71,papaya
39.38,54.48,50.44,37.04,92.66,6.78,127.31,papaya
53.97,64.91,51.41,37.75,92.79,6.6,90.16,papaya
53.64,57.45,50.88,42.3,93.23,6.88,149.97,papaya
43.54,57.21,48.39,41.68,93.29,6.8,209.89,papaya
33.84,60.44,47.38,33.46,92.19,6.82,156.98,papaya
60.76,54.49,51.42,34.35,90.86,6.66,137.13,papaya
58.9,59.82,47.66,32.76,94.52,6.76,127.82,papaya
53.93,61.32,49.09,36.14,92.17,6.82,153.91,papaya
53.86,53.7,48.36,38.46,92.42,6.78,128.91,papaya
57.19,54.46,49.73,37.63,93.67,6.7,247.88,papaya
52.51,52.29,50.74,31.49,92.93,6.75,148.9,papaya
42.71,62.45,47.69,27.68,92.87,6.91,126.49,papaya
55.61,62.87,51.63,31.87,91.41,6.53,131.2,papaya
59.42,51.88,51.4,28.51,92.61,6.82,110.38,papaya
51.36,55.42,51.41,34.74,92.56,6.91,179.77,papaya
44.48,57.07,49.85,33.92,95.02,6.79,38.12,papaya
45.66,47.84,49.34,23.07,91.63,6.6,165.17,papaya
50.0,59.01,49.79,26.18,93.01,6.94,166.48,papaya
46.59,50.36,48.18,35.88,93.57,6.78,186.99,papaya
55.66,60.03,48.68,34.41,91.65,6.75,162.37,papaya
63.43,50.95,50.96,41.28,93.26,6.83,175.85,papaya
60.39,52.06,47.23,33.47,90.34,6.87,209.09,papaya
46.53,55.65,49.86,33.77,92.63,6.81,135.94,papaya
57.55,59.73,48.79,40.51,91.14,6.74,195.76,papaya
44.22,59.05,51.09,28.98,92.43,6.73,116.03,papaya
68.41,53.68,52.01,31.44,91.41,6.76,179.08,papaya
57.36,65.31,55.89,34.82,91.84,6.8,131.02,papaya
57.41,51.01,54.74,37.99,90.82,6.68,187.84,papaya
59.41,51.14,51.43,23.28,92.41,6.86,116.05,papaya
37.94,58.23,48.79,36.81,91.61,6.67,38.9,papaya
51.36,56.7,47.62,34.52,93.53,6.73,159.08,papaya
52.19,51.48,54.11,31.03,93.16,6.83,137.67,papaya
54.85,58.73,47.16,31.76,91.89,6.7,76.54,papaya
59.01,65.51,51.96,40.17,92.16,6.69,104.12,papaya
55.15,58.64,49.85,40.3,92.9,6.67,109.25,papaya
55.46,62.71,51.1,43.46,94.14,6.79,100.97,papaya
39.52,55.56,51.51,43.09,92.92,6.87,132.12,papaya
54.98,61.62,46.04,31.33,93.45,6.78,82.18,papaya
30.56,55.67,49.86,28.86,92.64,6.8,180.21,papaya
31.15,50.93,49.39,36.5,92.99,6.8,124.87,papaya
47.38,53.86,51.54,28.67,93.35,6.77,142.64,papaya
44.75,50.72,48.7,31.77,90.13,6.73,193.53,papaya
54.54,55.02,50.09,30.58,92.65,6.9,195.85,papaya
54.17,55.04,51.5,24.64,92.25,6.81,183.87,papaya
55.36,58.97,49.61,36.32,91.55,6.67,148.24,papaya
51.39,48.37,50.91,37.56,92.42,6.99,109.15,papaya
47.11,55.52,49.85,31.77,91.09,6.7,139.87,papaya
59.83,68.51,52.67,29.43,91.8,6.73,238.69,papaya
48.68,50.86,49.0,37.47,93.19,6.73,180.88,papaya
31.81,58.02,51.72,29.13,91.66,6.56,228.47,papaya
44.24,58.71,51.21,41.44,92.35,6.7,154.09,papaya
60.27,56.65,48.09,25.41,91.28,6.84,128.17,papaya
45.14,53.92,50.17,32.24,92.23,6.88,225.75,papaya
37.12,59.14,48.45,32.2,92.81,6.73,157.1,papaya
55.38,58.97,48.71,30.2,91.06,6.66,248.01,papaya
43.66,51.53,50.64,32.92,92.3,6.89,173.83,papaya
45.76,55.38,48.99,38.09,92.19,6.57,142.46,papaya
37.7,68.42,48.07,32.65,92.76,6.72,129.77,papaya
53.37,65.13,51.54,41.26,91.45,6.78,153.15,papaya
52.81,64.38,49.56,31.37,93.03,6.57,132.57,papaya
48.93,52.9,52.11,27.92,92.36,6.78,216.06,papaya
49.92,62.18,51.4,34.15,91.41,6.61,150.59,papaya
45.66,62.1,51.49,32.53,91.34,6.8,91.56,papaya
43.93,52.6,49.72,39.64,92.49,6.71,64.91,papaya
54.42,53.6,50.24,31.64,93.34,6.73,141.91,papaya
53.89,68.03,51.78,33.03,92.5,6.7,95.13,papaya
45.58,53.64,51.31,27.88,93.83,6.83,146.08,papaya
50.0,54.71,50.54,39.21,91.8,6.6,181.92,papaya
52.59,51.9,48.53,28.99,91.78,6.72,131.01,papaya
44.79,53.71,49.54,34.38,92.18,6.87,171.67,papaya
37.27,60.12,51.21,31.22,91.0,6.75,144.6,papaya
41.03,50.24,49.82,32.28,92.08,6.74,87.1,papaya
46.52,60.17,49.3,24.72,92.03,6.64,159.02,papaya
52.55,49.21,51.52,27.66,94.06,6.75,79.56,papaya
40.86,59.24,49.22,32.99,94.11,6.68,148.15,papaya
61.36,58.85,46.79,36.15,91.34,6.89,101.8,papaya
73.76,64.84,48.41,33.61,93.25,6.83,168.22,papaya
33.76,16.89,29.27,26.65,96.72,6.07,187.28,coconut
31.48,7.24,30.62,27.22,98.34,5.69,218.93,coconut
27.88,19.94,33.35,27.56,95.8,6.05,167.91,coconut
27.36,13.92,29.91,24.66,95.86,5.98,171.59,coconut
28.6,10.33,33.86,26.9,94.71,5.81,180.6,coconut
34.43,22.68,31.71,27.55,94.28,5.71,174.97,coconut
26.32,22.74,30.62,28.61,97.39,5.91,135.12,coconut
34.43,24.3,27.27,28.51,95.76,6.03,220.37,coconut
34.22,20.76,30.95,27.62,94.2,5.99,157.44,coconut
25.83,15.67,28.73,27.14,94.35,6.1,139.44,coconut
26.93,18.16,29.38,26.83,91.83,6.07,196.19,coconut
29.97,22.69,30.4,27.48,95.31,6.14,140.57,coconut
23.03,25.43,25.08,26.86,97.34,5.98,169.87,coconut
28.15,15.73,30.06,26.32,97.22,6.28,176.67,coconut
20.57,14.88,29.63,27.51,92.98,5.85,192.77,coconut
32.19,14.39,27.33,30.28,96.57,5.95,201.73,coconut
26.88,21.84,30.32,27.09,94.77,5.71,228.45,coconut
22.79,10.7,29.57,26.04,94.9,6.14,204.88,coconut
31.57,15.97,30.1,27.41,91.48,6.11,143.57,coconut
37.7,15.48,29.63,26.23,93.74,6.45,203.51,coconut
19.75,25.02,32.39,26.72,95.61,6.0,229.31,coconut
23.52,18.23,29.14,25.57,99.38,5.76,185.5,coconut
18.8,15.5,30.84,26.18,96.17,5.95,209.0,coconut
34.31,14.57,30.15,27.18,96.24,6.0,184.76,coconut
26.28,18.08,32.6,27.65,96.4,6.14,176.15,coconut
29.09,12.07,32.54,24.22,94.83,6.23,145.9,coconut
29.5,14.1,29.26,27.95,95.4,5.59,155.59,coconut
32.38,19.74,33.5,28.68,94.32,6.5,180.61,coconut
22.69,14.33,25.49,28.61,98.19,5.8,174.3,coconut
27.98,12.7,26.49,26.79,94.36,5.92,185.57,coconut
34.65,15.98,30.34,27.73,96.11,5.88,182.41,coconut
30.24,11.86,32.53,28.43,93.55,6.04,196.06,coconut
24.77,19.91,30.33,25.53,95.92,5.78,203.48,coconut
24.14,16.69,32.74,27.5,92.84,5.8,165.02,coconut
29.47,19.29,28.31,25.83,95.56,5.96,233.93,coconut
27.68,26.57,27.66,25.43,92.76,6.24,223.9,coconut
23.59,15.2,27.66,25.19,96.44,6.04,180.26,coconut
20.5,25.7,28.99,27.53,92.09,5.96,187.28,coconut
29.14,18.27,30.99,25.87,95.39,6.02,185.79,coconut
27.86,11.13,27.36,24.79,96.64,6.17,201.09,coconut
29.03,6.83,27.95,27.17,95.27,5.96,189.22,coconut
27.56,18.1,28.72,27.98,94.14,5.73,160.73,coconut
25.76,22.47,29.92,26.81,92.5,6.16,163.7,coconut
27.0,24.9,31.02,25.37,91.46,5.99,149.68,coconut
30.74,17.71,30.33,26.29,98.48,6.57,173.04,coconut
29.27,17.99,29.48,26.17,92.83,5.77,190.13,coconut
24.9,4.61,30.89,26.96,97.69,6.07,143.03,coconut
16.35,13.9,28.75,27.94,94.98,6.23,146.88,coconut
32.33,21.1,25.96,28.32,95.19,6.08,158.38,coconut
33.88,11.57,31.66,27.82,93.05,6.4,185.79,coconut
30.77,9.86,34.24,25.78,97.05,5.8,164.53,coconut
31.44,22.64,27.46,28.09,97.09,5.81,219.97,coconut
20.22,14.38,30.96,26.15,95.53,6.05,175.32,coconut
31.66,16.36,30.46,28.15,96.58,6.16,151.27,coconut
30.12,13.11,27.44,26.93,93.19,6.16,200.36,coconut
17.99,13.36,27.08,26.54,95.91,5.95,165.26,coconut
34.0,5.98,32.47,26.46,94.84,5.89,218.57,coconut
21.35,17.56,31.05,25.39,93.16,5.97,157.83,coconut
23.42,15.75,31.3,26.66,97.16,5.8,148.7,coconut
37.13,14.21,27.38,25.26,97.15,5.93,173.66,coconut
26.7,22.56,29.64,29.34,95.27,6.21,200.13,coconut
27.32,14.57,30.66,27.51,93.85,6.03,210.91,coconut
37.85,21.77,33.73,26.37,96.4,6.27,157.59,coconut
25.07,26.19,28.05,25.66,98.06,6.24,190.8,coconut
27.27,15.31,30.56,28.58,95.48,6.43,157.55,coconut
27.4,15.63,27.83,26.85,95.83,6.1,234.26,coconut
29.82,23.25,30.13,28.68,99.8,6.11,155.18,coconut
24.76,18.91,30.91,27.7,95.92,6.0,164.1,coconut
29.51,26.77,32.04,27.53,97.06,5.93,167.29,coconut
23.76,16.87,29.16,28.21,94.05,5.84,228.56,coconut
25.24,18.27,30.9,25.86,97.47,6.13,218.96,coconut
24.1,18.0,30.08,27.26,92.09,6.02,144.34,coconut
29.29,6.86,26.3,27.82,93.91,5.8,211.77,coconut
29.14,21.86,29.67,29.68,93.79,6.35,178.47,coconut
19.23,19.91,30.63,25.95,93.16,6.0,188.74,coconut
15.15,22.77,29.01,25.67,96.88,6.0,210.4,coconut
29.69,17.49,29.69,27.48,94.17,5.83,195.25,coconut
26.78,17.67,32.18,26.89,95.03,5.88,190.77,coconut
29.25,22.0,28.84,26.54,96.58,6.05,157.34,coconut
34.03,9.01,31.57,25.73,98.77,5.69,208.81,coconut
27.09,15.67,30.37,27.63,93.19,5.84,196.24,coconut
18.96,14.58,36.08,26.03,97.3,5.88,192.73,coconut
30.77,23.14,29.6,28.99,93.82,6.05,186.13,coconut
21.89,16.07,30.32,26.57,99.88,5.83,209.49,coconut
31.78,17.43,28.27,26.23,93.96,5.64,154.91,coconut
20.09,24.23,31.24,27.79,96.18,6.03,216.52,coconut
24.45,18.03,31.49,25.68,100.0,6.01,183.55,coconut
33.78,22.07,30.08,27.13,91.99,5.89,192.93,coconut
29.72,23.61,29.76,25.61,97.11,6.29,202.46,coconut
26.68,22.72,36.86,27.12,92.38,5.88,195.64,coconut
19.48,18.35,30.76,28.54,97.62,6.17,125.93,coconut
32.11,21.03,30.51,25.27,93.45,5.77,129.62,coconut
27.49,13.51,35.25,26.83,97.59,5.69,166.75,coconut
27.98,12.96,29.16,26.78,94.53,6.37,189.46,coconut
29.9,20.2,31.23,26.92,94.36,6.03,208.92,coconut
33.13,16.3,31.54,26.81,95.07,5.91,175.46,coconut
34.21,17.96,30.27,25.55,94.38,5.95,159.27,coconut
27.61,15.35,30.16,27.12,93.09,5.92,181.93,coconut
33.42,18.78,28.68,27.4,98.42,6.18,193.69,coconut
31.13,24.7,32.15,27.57,97.14,5.78,142.44,coconut
121.26,47.84,18.91,24.83,76.27,6.79,75.15,cotton
106.91,54.97,17.28,23.41,81.82,7.26,68.92,cotton
125.46,48.95,24.67,24.4,79.72,6.66,72.56,cotton
113.39,54.36,20.04,24.57,83.03,6.06,92.79,cotton
120.44,49.68,18.34,23.24,80.98,7.95,90.03,cotton
130.12,46.54,18.8,23.22,79.02,6.18,72.75,cotton
115.52,46.62,20.26,24.36,79.97,6.77,60.37,cotton
115.4,42.64,20.93,24.91,81.88,7.3,78.66,cotton
115.82,43.76,16.99,24.99,79.65,6.5,71.74,cotton
113.06,47.72,22.13,23.65,75.49,6.92,78.44,cotton
118.2,44.36,20.43,24.07,79.95,7.17,75.7,cotton
116.11,54.4,21.12,24.83,82.45,7.21,89.28,cotton
107.37,48.52,19.63,25.68,81.86,6.75,83.73,cotton
121.34,49.77,17.96,24.36,79.54,7.11,72.76,cotton
115.32,53.37,17.9,23.02,79.9,6.69,71.15,cotton
120.84,39.97,17.98,26.05,80.92,6.7,84.18,cotton
124.54,52.47,19.75,24.98,75.92,6.58,81.64,cotton
122.64,42.94,20.52,23.38,79.45,7.41,89.09,cotton
112.02,42.21,19.18,23.97,78.68,7.42,83.47,cotton
123.25,41.17,22.33,21.18,81.67,7.37,75.68,cotton
130.18,47.18,20.12,24.34,86.37,7.54,87.01,cotton
112.7,48.22,18.37,24.82,80.28,6.55,80.81,cotton
113.2,48.26,18.28,24.03,81.5,6.98,76.09,cotton
121.63,50.99,17.79,24.26,82.64,7.23,80.58,cotton
125.12,49.76,21.51,21.98,76.89,7.4,64.95,cotton
123.21,45.74,18.01,24.35,80.4,7.84,73.75,cotton
131.52,49.26,18.68,24.8,81.13,7.01,82.66,cotton
115.22,43.37,21.52,23.78,79.84,7.11,82.65,cotton
108.57,53.93,20.24,23.8,80.86,7.09,87.67,cotton
124.3,51.09,22.7,24.88,79.68,6.55,96.68,cotton
118.1,45.13,16.53,24.34,80.3,6.39,84.53,cotton
116.01,60.95,18.86,23.56,78.25,7.51,76.27,cotton
114.2,51.03,17.24,24.63,83.56,7.23,86.38,cotton
126.96,56.05,22.42,24.44,81.81,6.65,87.76,cotton
111.96,45.66,13.83,24.4,78.71,7.44,83.9,cotton
128.99,42.08,22.08,26.11,81.53,7.32,81.7,cotton
115.8,51.31,16.99,23.58,76.46,6.72,86.42,cotton
124.04,47.75,20.34,22.11,79.25,6.73,73.41,cotton
124.8,43.2,18.79,21.91,79.41,6.56,80.79,cotton
112.39,48.02,19.71,25.67,80.99,6.26,67.35,cotton
120.44,42.85,14.06,25.35,81.44,7.21,73.93,cotton
123.42,43.98,20.41,23.08,83.03,6.37,92.32,cotton
120.31,45.05,20.33,24.73,82.73,7.13,71.09,cotton
120.45,56.58,22.7,24.91,81.59,7.28,91.59,cotton
116.35,40.72,20.14,23.18,77.89,6.71,104.85,cotton
121.09,49.31,17.56,22.16,78.36,7.58,83.34,cotton
124.79,51.19,18.82,25.39,78.73,7.56,84.42,cotton
105.69,43.76,16.43,25.16,79.95,6.11,83.76,cotton
115.7,40.08,23.36,24.11,79.41,6.84,64.87,cotton
109.56,53.92,19.05,24.02,75.91,6.47,86.1,cotton
123.02,56.27,22.69,23.77,80.95,6.87,100.55,cotton
129.19,48.35,20.4,25.44,81.16,7.62,58.06,cotton
123.69,44.92,23.51,25.55,80.07,7.61,97.83,cotton
120.6,59.86,19.94,23.79,81.73,6.86,80.85,cotton
131.28,47.6,16.61,24.37,78.61,7.35,86.96,cotton
131.77,52.04,22.18,23.33,81.61,7.79,73.11,cotton
134.4,44.75,18.3,24.3,81.43,7.36,70.38,cotton
123.48,44.07,17.02,23.07,78.5,7.21,91.52,cotton
108.21,49.26,17.65,24.63,78.75,6.58,88.0,cotton
115.3,45.92,15.56,24.95,81.64,7.0,64.72,cotton
129.67,44.17,19.09,26.31,78.59,7.3,85.62,cotton
123.12,48.91,20.75,24.27,79.9,7.6,66.87,cotton
128.17,51.61,21.4,25.12,79.81,6.25,79.28,cotton
112.07,43.84,17.52,23.52,78.81,6.05,87.0,cotton
137.76,50.53,19.59,23.95,79.16,7.04,79.63,cotton
113.27,55.91,17.03,24.72,79.8,7.76,83.41,cotton
117.12,46.26,20.08,22.86,78.47,6.29,70.77,cotton
120.75,49.0,16.04,23.86,81.13,6.93,73.66,cotton
116.7,44.8,18.73,24.17,84.62,6.7,76.82,cotton
119.59,44.06,22.2,21.63,78.94,7.33,77.06,cotton
113.43,49.7,21.81,24.21,78.4,7.18,75.98,cotton
125.96,54.92,14.79,24.11,76.53,7.98,75.32,cotton
125.97,47.32,18.39,23.08,83.17,7.38,99.44,cotton
120.44,48.94,19.47,23.71,77.92,7.03,72.11,cotton
123.54,48.35,20.58,25.68,79.92,7.3,100.52,cotton
130.45,53.27,19.39,24.23,77.36,7.2,82.74,cotton
120.19,52.64,17.58,25.63,81.8,6.97,78.51,cotton
123.84,55.1,20.2,24.14,80.04,7.71,76.31,cotton
119.76,54.82,20.29,25.14,78.18,6.92,94.84,cotton
114.59,46.74,20.51,23.01,79.17,7.05,80.47,cotton
130.24,55.21,18.29,24.11,81.35,7.61,87.18,cotton
122.33,50.83,21.35,23.07,80.39,7.58,77.93,cotton
121.04,46.29,15.37,24.02,80.6,6.8,68.45,cotton
112.96,51.32,23.95,25.38,77.31,7.34,73.37,cotton
115.34,45.19,21.41,24.96,79.8,6.97,84.64,cotton
124.54,53.38,17.43,24.02,77.86,6.98,77.74,cotton
119.63,43.5,17.03,21.91,79.74,6.83,73.24,cotton
130.58,43.2,22.83,25.62,76.1,7.04,76.0,cotton
96.71,40.28,21.55,26.02,81.81,7.13,79.79,cotton
133.46,58.24,18.83,22.0,75.8,7.53,79.53,cotton
121.47,38.55,18.49,23.7,80.42,6.84,69.63,cotton
113.72,53.54,20.49,24.61,78.2,5.82,74.77,cotton
113.07,49.25,26.57,24.7,85.47,7.23,73.7,cotton
122.78,56.4,23.66,23.42,80.51,6.43,88.25,cotton
132.43,47.7,18.67,24.36,80.83,7.03,81.79,cotton
118.61,52.48,21.47,23.02,77.98,6.9,87.37,cotton
121.18,44.28,20.52,23.67,81.76,7.13,76.85,cotton
121.85,54.08,18.86,24.4,79.86,7.17,73.45,cotton
120.88,53.04,18.13,22.67,77.42,6.53,85.95,cotton
108.75,46.01,21.24,24.42,79.23,7.08,81.07,cotton
78.21,46.45,44.47,25.11,89.92,6.6,173.94,jute
69.34,43.45,43.8,24.11,87.68,6.38,161.83,jute
77.27,47.18,41.85,24.84,78.33,6.71,171.01,jute
72.68,43.06,42.06,23.13,86.47,6.65,165.34,jute
85.92,54.93,42.24,24.88,84.35,6.24,168.48,jute
72.71,53.62,39.23,25.13,82.14,6.49,167.66,jute
90.35,43.62,40.25,23.91,78.74,6.74,165.21,jute
72.32,48.93,38.31,23.89,76.24,6.73,186.8,jute
92.05,43.87,44.3,23.75,84.33,6.53,164.11,jute
74.04,47.24,41.16,25.0,76.22,6.45,163.54,jute
79.11,46.45,38.1,24.7,89.05,6.6,169.58,jute
84.48,44.71,41.34,23.96,87.33,6.85,167.25,jute
75.29,44.93,42.75,23.55,77.33,6.58,174.8,jute
77.83,40.04,39.2,24.43,77.49,6.96,186.49,jute
79.37,48.65,35.68,24.18,84.02,6.62,165.78,jute
98.22,56.6,40.94,25.35,71.1,6.51,169.13,jute
78.11,45.05,34.9,24.79,82.17,7.23,165.15,jute
73.04,34.1,39.41,25.18,77.55,7.39,171.79,jute
81.18,40.68,40.57,23.02,82.77,6.97,191.99,jute
71.84,48.3,41.13,24.83,76.54,6.03,179.34,jute
78.78,44.67,41.53,24.47,74.72,6.17,160.89,jute
99.14,51.11,40.38,24.36,79.01,7.1,168.87,jute
84.62,45.76,43.88,25.06,84.98,6.57,188.23,jute
77.5,48.05,43.27,23.72,80.81,6.88,181.5,jute
76.39,57.93,37.41,25.59,84.86,7.32,155.15,jute
73.05,54.96,36.25,23.3,78.05,6.81,194.9,jute
78.52,44.46,40.62,24.85,81.76,6.7,150.56,jute
72.66,54.6,40.37,24.26,84.47,6.41,172.18,jute
81.1,45.29,40.2,24.36,74.4,6.8,158.4,jute
81.32,54.37,39.44,23.62,79.49,6.5,182.43,jute
78.82,56.05,42.33,24.39,82.86,6.63,175.42,jute
77.11,51.33,42.87,25.1,83.69,7.03,181.89,jute
70.89,56.0,43.61,24.32,78.52,6.93,181.89,jute
78.38,41.25,40.61,24.91,82.9,6.85,171.61,jute
87.95,47.83,39.07,24.36,73.02,6.7,183.61,jute
82.72,55.1,39.47,24.87,83.17,7.45,176.81,jute
71.65,51.74,43.73,24.26,83.36,7.12,187.71,jute
81.0,44.01,39.84,24.84,83.63,6.85,170.25,jute
84.44,51.8,40.76,23.87,79.27,7.03,157.71,jute
63.25,55.04,41.02,24.96,75.69,6.97,178.44,jute
67.33,54.62,40.32,24.2,78.49,6.15,182.42,jute
82.09,46.53,42.56,23.46,77.61,6.49,171.52,jute
80.54,49.65,39.31,23.84,86.74,7.47,176.79,jute
73.95,54.88,37.11,24.25,77.22,6.4,171.5,jute
73.09,47.56,40.05,24.03,78.52,6.68,185.12,jute
78.81,51.62,41.17,24.93,85.55,6.41,169.09,jute
94.11,46.21,34.37,24.35,80.54,5.96,191.67,jute
74.29,49.14,39.55,23.53,75.72,6.47,188.57,jute
78.82,44.89,38.13,25.4,85.86,7.11,181.16,jute
82.32,41.42,39.51,23.99,72.7,7.07,166.3,jute
89.57,51.91,41.11,24.96,77.54,7.31,175.54,jute
82.42,44.25,38.14,24.86,80.87,6.51,157.02,jute
69.84,53.48,38.77,24.25,85.8,6.41,165.91,jute
73.85,55.59,43.99,25.06,83.13,6.58,199.34,jute
82.14,51.77,39.79,24.3,86.65,6.91,193.14,jute
82.04,43.26,38.83,24.58,77.49,6.42,190.02,jute
75.64,48.19,40.59,24.06,85.8,6.41,178.27,jute
81.97,47.23,37.41,25.15,82.97,6.55,183.84,jute
83.0,41.1,38.29,25.35,81.24,6.58,164.27,jute
75.88,45.28,38.31,23.19,84.56,7.04,159.08,jute
81.09,42.99,39.48,24.24,78.29,7.35,169.5,jute
73.53,43.69,42.09,23.26,76.95,7.18,178.05,jute
81.54,58.16,40.49,23.97,78.87,6.41,190.7,jute
84.6,53.12,42.43,24.19,76.22,6.73,164.09,jute
81.32,53.16,39.66,24.61,79.62,6.99,166.65,jute
62.43,49.85,41.98,24.83,77.44,6.41,181.18,jute
81.13,46.87,43.64,23.79,87.1,6.76,152.06,jute
78.57,52.3,39.27,23.39,79.34,6.49,181.15,jute
86.19,42.22,38.59,25.07,76.56,6.43,160.27,jute
82.82,49.05,38.63,24.5,86.11,6.46,150.6,jute
83.64,46.95,38.58,24.99,83.36,6.09,166.84,jute
98.54,50.42,41.35,25.38,80.07,6.99,183.98,jute
84.31,45.89,40.34,24.06,80.05,6.4,165.12,jute
77.74,42.78,38.99,24.38,81.61,7.03,169.2,jute
90.68,52.19,41.01,24.62,81.28,7.11,190.29,jute
90.68,47.71,41.11,25.51,77.51,6.65,175.2,jute
87.2,52.08,39.54,23.37,80.98,6.47,156.38,jute
69.89,49.13,42.72,24.53,80.85,7.1,155.69,jute
84.16,47.44,41.13,24.14,76.73,6.79,195.61,jute
86.89,44.96,37.32,23.24,85.26,6.46,170.93,jute
90.57,39.43,42.98,24.31,75.41,6.68,165.97,jute
83.53,44.26,36.18,24.33,74.57,6.81,160.16,jute
76.1,48.41,39.58,24.69,82.72,6.4,174.2,jute
53.36,48.74,39.4,23.76,81.26,7.1,169.05,jute
72.44,48.33,37.33,24.0,84.89,6.77,151.51,jute
65.62,48.31,41.72,23.29,81.8,7.15,198.6,jute
82.65,50.03,35.73,26.07,77.7,6.47,171.81,jute
92.09,58.54,40.25,25.25,80.17,6.44,193.46,jute
75.02,55.18,42.6,24.96,87.32,7.42,172.81,jute
73.53,38.18,44.49,24.17,84.54,6.53,194.23,jute
74.4,41.54,39.58,24.1,82.39,6.73,182.85,jute
77.67,44.17,38.83,26.03,80.9,6.15,168.5,jute
80.77,56.73,42.06,23.81,89.67,6.74,190.58,jute
70.76,35.51,37.18,22.06,88.45,6.81,163.44,jute
83.62,48.45,41.24,25.41,78.84,6.49,185.35,jute
86.42,48.0,44.36,24.17,76.4,6.88,166.56,jute
83.96,43.33,39.2,25.92,78.38,6.51,189.63,jute
71.59,44.04,41.15,25.2,84.88,6.53,182.45,jute
76.27,44.47,42.41,24.09,81.11,6.8,161.62,jute
87.73,50.3,36.03,24.71,76.91,7.08,156.93,jute
97.15,29.31,30.11,26.45,53.93,7.25,168.66,coffee
110.88,31.87,29.98,23.89,57.75,7.23,186.94,coffee
95.04,13.41,29.57,25.14,59.0,6.91,176.12,coffee
107.92,29.73,26.4,25.07,69.22,6.86,165.32,coffee
102.88,29.58,25.23,25.2,59.85,7.13,158.51,coffee
86.83,29.65,28.39,23.98,56.66,6.91,184.25,coffee
103.86,30.66,30.95,25.63,62.79,6.02,159.86,coffee
91.64,33.31,29.71,25.54,53.98,7.06,170.83,coffee
104.46,23.43,28.45,25.78,57.22,6.88,111.58,coffee
96.1,36.48,30.88,25.71,67.94,6.05,140.17,coffee
96.79,31.79,31.75,24.42,63.99,6.63,183.25,coffee
91.74,26.88,29.02,26.82,57.91,6.74,168.27,coffee
104.36,31.93,30.42,24.98,58.6,6.76,162.8,coffee
98.82,27.6,26.97,26.33,60.72,7.05,157.5,coffee
86.09,25.71,29.6,26.43,51.72,6.76,168.42,coffee
94.71,27.87,28.75,24.59,58.37,6.54,172.03,coffee
94.12,22.99,33.54,26.7,52.55,6.52,162.65,coffee
102.59,20.05,32.32,26.53,61.93,7.16,167.11,coffee
103.59,35.29,32.2,24.45,62.53,6.55,168.21,coffee
103.81,20.58,29.76,25.83,58.25,6.84,174.63,coffee
99.76,28.62,32.77,26.09,60.8,6.46,171.76,coffee
102.64,33.92,30.09,23.23,53.2,6.97,145.38,coffee
103.49,28.07,29.67,25.38,56.54,6.75,145.08,coffee
97.02,25.88,29.55,26.65,59.48,7.06,190.18,coffee
106.84,30.17,30.65,26.58,60.36,7.05,170.55,coffee
97.12,31.98,30.18,25.37,58.1,6.8,178.67,coffee
107.11,29.27,31.2,27.09,59.4,6.42,185.15,coffee
95.76,24.05,26.41,26.21,53.51,6.52,170.0,coffee
105.78,24.24,29.73,24.41,57.81,6.83,146.84,coffee
98.05,20.18,32.27,26.14,63.17,7.14,139.96,coffee
97.13,18.03,36.28,25.31,64.15,6.38,178.67,coffee
114.86,27.2,27.98,25.33,51.09,6.74,174.95,coffee
99.71,26.08,31.06,26.26,53.36,6.78,209.26,coffee
89.32,27.07,33.88,26.88,57.95,6.81,157.46,coffee
94.02,27.13,29.44,25.64,57.01,6.37,156.62,coffee
113.72,27.91,29.34,26.44,59.37,7.31,157.42,coffee
105.6,23.73,31.01,25.84,59.77,6.6,143.94,coffee
102.26,30.64,29.75,25.86,59.85,6.78,153.24,coffee
100.14,40.99,30.62,26.31,61.75,6.67,185.0,coffee
97.67,32.78,29.33,24.3,61.46,6.42,168.88,coffee
90.45,25.9,27.14,29.03,53.38,6.75,181.8,coffee
108.29,31.76,29.37,27.19,63.65,6.81,162.61,coffee
97.57,22.95,32.47,27.14,56.46,6.7,154.45,coffee
99.74,27.82,31.89,24.57,56.61,7.12,147.67,coffee
89.9,25.07,29.34,27.44,63.7,7.09,174.92,coffee
107.57,24.06,29.6,24.26,59.16,6.96,160.36,coffee
110.49,21.79,31.0,23.94,60.38,6.97,152.94,coffee
104.41,22.7,26.67,26.2,66.98,6.45,183.47,coffee
100.35,20.82,27.74,25.52,58.38,6.36,121.5,coffee
93.23,28.47,29.99,24.87,60.81,7.06,165.88,coffee
99.03,32.14,28.08,25.22,59.2,6.38,148.58,coffee
83.4,37.06,28.13,27.48,60.15,6.92,147.11,coffee
101.66,30.75,31.33,26.47,58.53,6.61,123.62,coffee
104.19,32.91,33.23,25.88,56.93,6.24,179.64,coffee
85.63,25.8,29.55,25.41,60.14,6.79,106.17,coffee
100.12,16.35,31.46,24.81,51.37,6.51,145.39,coffee
109.53,28.48,30.69,26.98,59.62,6.98,172.03,coffee
89.71,34.86,27.16,26.65,53.93,6.93,197.07,coffee
98.3,26.22,31.22,25.09,67.27,6.81,150.7,coffee
95.68,22.84,28.74,25.06,58.05,6.55,202.1,coffee
91.76,28.23,31.19,26.29,59.77,6.68,167.1,coffee
102.13,26.21,26.88,24.92,55.41,6.55,158.21,coffee
102.87,36.4,28.93,26.47,61.22,7.14,169.74,coffee
91.93,18.88,30.62,24.84,56.08,6.37,160.92,coffee
112.06,25.46,31.18,25.37,54.84,6.97,134.24,coffee
100.17,25.79,31.79,24.18,61.56,6.5,146.64,coffee
70.92,37.96,31.1,24.54,55.5,6.6,172.73,coffee
84.86,26.79,33.54,24.08,60.32,7.41,170.93,coffee
101.01,30.03,29.2,27.12,58.4,6.16,149.18,coffee
92.27,26.09,29.48,27.0,62.78,6.83,157.44,coffee
91.53,16.59,30.23,26.49,59.57,6.59,167.37,coffee
99.33,35.93,32.47,26.7,63.03,6.36,171.59,coffee
103.01,30.53,30.99,26.07,70.8,6.73,177.4,coffee
96.23,31.45,31.88,25.96,66.68,6.48,147.15,coffee
101.7,31.9,30.36,27.11,57.35,6.41,164.05,coffee
99.38,30.21,29.95,25.07,59.7,6.76,151.02,coffee
98.37,25.48,31.71,25.74,69.03,6.8,145.79,coffee
121.37,29.57,31.98,26.24,62.49,6.91,134.08,coffee
102.94,20.88,29.65,24.59,61.43,6.85,167.72,coffee
102.3,24.47,29.48,26.65,64.27,6.41,124.97,coffee
94.18,32.73,32.43,24.34,61.23,7.3,166.33,coffee
111.37,32.49,28.18,25.26,60.14,6.78,176.97,coffee
103.27,12.82,27.37,22.77,60.7,6.82,163.52,coffee
92.33,30.87,31.43,23.93,54.14,6.75,195.58,coffee
113.6,30.32,28.54,26.61,58.19,6.52,111.94,coffee
100.82,24.35,30.19,22.63,60.68,6.02,180.62,coffee
104.18,26.11,31.13,24.28,60.29,6.99,91.75,coffee
96.42,27.39,29.61,27.32,55.5,6.56,116.79,coffee
112.08,26.27,29.12,25.43,62.54,6.85,213.77,coffee
103.63,25.17,28.88,25.01,53.99,6.76,174.15,coffee
95.09,23.46,33.03,23.72,51.73,6.4,124.77,coffee
103.09,25.7,29.56,26.94,57.23,6.98,189.62,coffee
96.35,31.19,29.52,26.66,53.71,6.26,149.19,coffee
92.89,24.92,29.56,26.4,58.37,6.5,150.03,coffee
93.85,22.83,26.77,25.59,57.73,7.04,126.74,coffee
95.66,36.56,28.12,25.2,55.14,6.35,190.38,coffee
101.37,28.17,26.61,25.95,64.63,7.09,171.7,coffee
90.96,29.07,31.34,23.26,55.51,7.02,176.12,coffee
87.61,31.48,30.19,26.48,57.46,6.94,175.43,coffee
97.19,27.59,28.7,27.56,59.52,6.47,142.29,coffee
